UID	题目	任务类型	一级目录	二级目录	三级目录	任务概括	标注专家工作年限	人类完成时间	相关附件	附件格式	附件内容	产物格式	产物内容	做题关键步骤	标注专家姓名
沈礼_7.9_01	客户成功刚把我拉进明天下午的灰度会。生成式客服助手下周想先给两家付费客户开，产品材料目前只说了三件事：客户会话不拿去训练模型，客户后台保留人工转接，系统会连接企业知识库、FAQ和工单。真正用起来时，联系人、订单号和投诉内容会进入会话，助手还会生成客服回复和工单摘要。会上如果只围绕这几句产品说明打转，很难把客户实际会碰到的问题谈明白。\n\n会前要把一通会话拆开来看：知识库在什么时候被读取，生成回复和摘要落到哪里，人工转接由什么触发，投诉入口和日志分别怎么处理。产品说“不拿客户会话训练”和“保留人工转接”，材料里却还没有对应配置；供应商模型备案号、客户授权文本、日志留存配置、人工审核排班和应急处置流程也没拿到。这些都要列作会上问题，公开规则只提供核对尺度。\n\n我准备先用Excel把各环节排成一条线，逐项放入涉及的数据、产品现有说法、已见材料和待问事项。生成式人工智能与深度合成规则用于查备案、公示、标识、投诉和内容处置，个人信息保护法用于看告知同意、最小必要与委托处理，安全基本要求则转成供应商模型、语料、测试、安全措施和记录方面的问题。公开备案公告只放查询路径，供应商针对本项目的备案材料仍单独留项。同一条规则落到不同环节时也分别记录，避免会上来回翻找后仍说不清对应哪个功能。\n\nWord会前稿从这张表里抽出法务需要对齐的边界和问题，按客户从发起会话到转人工的顺序写，方便会上逐段核对。灰度是否开放以及开到哪一段留在会议中决定；会前交付的重点，是让每个产品说法都能找到对应材料，找不到的就成为明确追问。会议中也能沿表核对，不必重新翻找每条规则的出处。	L2 流程型	科技软件与 AI 工作流	AI 产品安全与合规上线	生成式客服助手对外灰度前安全评估	沿一通客户会话整理生成式客服助手灰度会的规则边界、产品说法和材料追问，开放范围留待会议决定。	5年	12h	附件一_生成式人工智能服务管理暂行办法.html；附件二_互联网信息服务深度合成管理规定.html；附件三_中华人民共和国个人信息保护法.html；附件四_生成式人工智能服务安全基本要求_GBT45654_2025.pdf；附件五_生成式人工智能服务已备案信息公告.html	html, pdf	附件一：《生成式人工智能服务管理暂行办法》。来源：https://www.cac.gov.cn/2023-07/13/c_1690898327029107.htm。用于核对训练数据、生成内容处置、投诉举报、标识和备案相关要求。\n\n附件二：《互联网信息服务深度合成管理规定》。来源：https://www.cac.gov.cn/2022-12/11/c_1672221949354811.htm。用于确认深度合成标识、真实身份认证、管理规则、投诉申诉和安全评估触发点。\n\n附件三：《中华人民共和国个人信息保护法》。来源：https://www.cac.gov.cn/2021-08/20/c_1631050028355286.htm。用于整理客服会话中联系人、订单号、投诉内容等个人信息的告知同意、最小必要和委托处理边界。\n\n附件四：《生成式人工智能服务安全基本要求》。来源：https://www.tc260.org.cn/upload/2025-06-30/1751257342816036759.pdf。用于核对语料安全、模型安全、安全措施和评估证据清单；作为标准口径，不替代内部测评记录。\n\n附件五：《生成式人工智能服务已备案信息公告》。来源：https://www.cac.gov.cn/2024-04/02/c_1713729983803145.htm。用于确认公开备案信息的核查路径，同时标明它不能替代本公司或供应商模型备案证明。\n\n五份附件分别提供生成式服务、深度合成、个人信息、模型安全和备案查询依据；供应商备案号、客户授权、日志配置、人工审核排班及应急处置流程仍由项目材料说明。	docx, xlsx	Excel《客服助手灰度会问题表》按知识库检索、回复生成、工单摘要、人工转接、日志留存和后台开关记录数据流、产品说法、现有材料及待问事项。Word《灰度会边界与追问稿》沿客户会话顺序整理法务核对点，不预写开放建议。	1. 从联系人或订单信息进入会话开始，排出知识库检索、回复生成、工单摘要和人工转接的先后关系。\n2. 标明联系人、订单号、投诉内容、企业知识库及生成文本在各环节的用途和去向。\n3. 把产品关于训练、人工转接和系统连接的说法，与已经拿到的配置或文件分栏记录。\n4. 从生成式人工智能和深度合成规则中整理备案、公示、标识、投诉及内容处置问题。\n5. 用个人信息保护法梳理客户告知、同意、最小必要、委托处理和个人权利相关问题。\n6. 将安全基本要求中与模型、语料、测试、安全措施和记录有关的内容转成材料问题。\n7. 登记供应商备案号、客户授权、日志配置、人工审核排班和应急处置流程的收件状态。\n8. 把Excel中仍没有项目证据的事项改写成会上可直接核对的具体问句。\n9. 完成Word会前稿，让规则出处、产品说法和待答问题沿同一条会话路径出现。	沈礼
沈礼_7.9_02	周四业委会谈电动自行车整改，巡查照片里已经出现的问题摆在物业经理面前：门厅、楼梯口和疏散通道附近还有车辆停放。哪些位置要马上清理，清理以后怎么巡查和告知居民，这部分需要依据消防禁停要求讲清楚。居民如果追问为什么一个位置要清理、另一个位置只安排勘查，答复也要回到照片所见和各自条件。\n\n工程部提出扩建集中充电区，居民代表还会问架空层、地下非机动车库能否安排后续勘查。眼下的点位照片没有交齐，建筑平面图、报价、居民表决和消防书面意见也都缺着。照片能说明某处发现了车辆，却说明不了建筑条件和改造条件；集中充电设置的政策解读可以列出防火分隔、消防器材、自动断电等核查方向，具体空间仍要留给图纸和现场勘查回答。\n\n旧车换新补贴也会被问到。2025年以旧换新资料可以整理活动、旧车回收和安全治理的宣传口径，但它和小区充电设施怎么改是两件事。业委会上需要把换新咨询单独说，避免居民把补贴政策理解成点位已经可以施工。\n\nWord答疑稿围绕照片中的禁停处理、现有充电区情况、架空层和地下库勘查材料以及换新政策四类居民问题组织。物业能执行的清理和临时管控写成明确动作；需要居民程序、消防或街道意见的事项，写清目前停在哪一步。同一个位置如果同时有违规停放和改造诉求，眼前清理动作和后续勘查材料分别说明，不把两件事合成一个承诺。\n\nExcel跟踪表按位置单列，保留照片事实、当前处理、所缺图纸或意见、责任人和居民沟通状态。周四会上提到的门厅、楼梯口、疏散通道、集中充电区、架空层和地下库都能回到各自记录，不会把一个位置的依据套到另一个位置。	L2 流程型	法律、政务与公共服务	社区治理与消防安全	老旧小区电动自行车充停整改与以旧换新沟通评估	把电动自行车禁停治理、集中充电勘查和以旧换新咨询分开，供物业经理在周四业委会上按点位答复。	5年	12h	附件一_高层民用建筑消防安全管理规定.pdf；附件二_高层民用建筑消防安全管理规定页面.html；附件三_高层民用建筑消防安全管理规定政策解读.html；附件四_2025年度电动自行车以旧换新工作通知.html；附件五_电动自行车以旧换新政策解读.html	pdf, html	附件一：《高层民用建筑消防安全管理规定》PDF。来源：https://www.mem.gov.cn/gk/zfxxgkpt/fdzdgknr/202106/P020210625560426813285.pdf。用于核对高层住宅公共门厅、疏散走道、楼梯间、安全出口停放和充电的禁止要求。\n\n附件二：《高层民用建筑消防安全管理规定》页面。来源：https://www.mem.gov.cn/gk/zfxxgkpt/fdzdgknr/202106/t20210625_389980.shtml。用于确认实施时间、发布主体和网页正文口径。\n\n附件三：政策解读。来源：https://www.mem.gov.cn/gk/zcjd/202107/t20210716_392214.shtml。用于整理集中存放充电场所独立设置、防火分隔、消防器材和自动断电等解释。\n\n附件四：《2025年度电动自行车以旧换新工作通知》。来源：https://www.ndrc.gov.cn/xwdt/ztzl/tddgmsbgxhxfpyjhx/gzdt/202501/t20250124_1395896.html。用于核对活动时间、补贴衔接、旧车回收和安全治理要求。\n\n附件五：商务部政策解读。来源：https://www.mofcom.gov.cn/zcjd/gnmy/art/2024/art_0949b90254084c3ab67ac0f33a1062c5.html。用于确认以旧换新宣传能讲什么，不能替代小区充停设施整改结论。\n\n消防规定与解读可支持禁停清理和集中充电核查，以旧换新资料用于居民宣传；点位图纸、报价、居民表决及消防书面意见仍需另行取得。	docx, xlsx	Word《电动自行车整改会前答疑稿》按居民问题说明立即清理、临时管控、现场勘查及外部确认事项。Excel《充停整改问题跟踪表》逐点登记照片现状、适用规则、处理动作、材料缺口、责任人和沟通状态。	1. 从巡查照片中分出门厅、楼梯口、疏散通道附近及其他能够辨认的具体位置。\n2. 记录照片实际呈现的停放情况，不用照片推断未拍到的建筑或消防条件。\n3. 依据消防规定整理公共门厅、疏散走道、楼梯间和安全出口的禁停禁充口径。\n4. 为需要清理的位置写出现场处置、后续巡查和居民告知要点。\n5. 整理现有集中充电区在防火分隔、消防器材、自动断电和日常管理方面的核查事项。\n6. 为架空层和地下非机动车库列出图纸、现场勘查、报价、居民程序及消防或街道意见。\n7. 把物业可执行、需要居民共同决定和等待外部确认的事项分开。\n8. 从2025年以旧换新资料中提取活动、旧车回收和宣传口径，单列居民咨询部分。\n9. 按居民提问顺序写答疑稿，让即时治理和后续勘查各自对应到具体点位。\n10. 在跟踪表中为每个位置登记已有照片、缺失材料、处理状态和沟通情况。\n11. 将需要居民程序、消防或街道意见的点位保留在后续确认项中，随材料到件更新。\n12. 答疑稿和跟踪表完成后做一次点位自检：各抽一个禁停点位、现有充电区和拟勘查空间，把照片事实、当下动作、所缺材料和责任人逐项对回。	沈礼
沈礼_7.9_03	月底直播排期快锁了，低糖高蛋白代餐粉的脚本还没有定。运营想留下“控糖”“饭前一杯少吃主食”“饱腹不长胖”，店铺页还准备放包装背面、营养成分表和达人短视频；法务担心这些说法把普通食品讲成了保健食品，也担心种草视频和购买入口连在一起时，用户看不出广告。排期卡在每条素材该怎么处理，笼统的合规说明解决不了具体点位。\n\n现有附件能回答广告识别、预包装食品标签、特殊食品广告、网络食品销售和食品广告责任等规则问题，却没有配方检测报告、包装标签原件、店铺页面截图、达人合作关系和广告审查材料。“控糖”涉及普通食品是否被带出特定功能，“饭前一杯少吃主食”需要结合完整口播和产品资料看，“饱腹不长胖”同时碰到饱腹感和体重结果。三句话不能只做关键词替换，要连同所在位置和上下文审。包装背面与营养成分表则回到标签原件核对，达人短视频还要看合作关系与广告识别；涉及产品成分、营养含量或达人体验的客观描述，等相应材料到齐后再定。Excel先保留素材位置、原文、风险点、规则出处和缺件，让运营知道哪条能继续改、哪条需要补证明。\n\nWord投放审查意见从月底排期需要的动作写起，分别说明可保留、改成客观描述、补证明后再看和暂缓上线的项目，并把普通食品身份、广告可识别性和页面标签问题分开。Excel里的每条原文都要能回到直播口播、达人短视频、详情页或包装展示中的实际位置，处理意见旁边直接列所缺的配方、标签、页面或合作材料。同一句营销主张放在口播、达人内容或商品页时，广告识别、上下文和证据位置都要分别记录，不能用一条总意见替代。包装背面和营养成分表还要与页面展示一起核对，发现信息对不上就留在补件项。Word只汇总会影响投放的重点，让运营拿到后能按素材位置安排修改，也不把规则附件写成配方、检测或达人合作证明。	L2 流程型	品牌市场与电商零售	电商经营与广告合规	低糖高蛋白代餐食品直播素材与标签合规审查	围绕月底直播排期，逐条处理代餐粉话术、包装展示和达人内容，把规则风险与产品补证分开。	5年	14h	附件一_互联网广告管理办法.html；附件二_互联网广告可识别性执法指南.html；附件三_预包装食品标签通则_GB7718_2011.pdf；附件四_特殊食品广告审查管理暂行办法.pdf；附件五_网络食品安全违法行为查处办法.pdf；附件六_中华人民共和国食品安全法.pdf	html, pdf	附件一：《互联网广告管理办法》。来源：https://policy.mofcom.gov.cn/claw/clawContent.shtml。用于核对互联网广告、直播带货、广告发布责任和广告标识。\n\n附件二：《互联网广告可识别性执法指南》。来源：https://www.samr.gov.cn/zw/zfxxgk/fdzdgknr/ggjgs/art/2024/art_89824524f2804c5594e95408fbdf8602.html。用于确认短视频种草、达人推荐和详情页软性展示的广告识别提示。\n\n附件三：《预包装食品标签通则GB7718-2011》。来源：https://www.nhc.gov.cn/zwgk/cybz/201106/53c53d99b71940c7a74830f86b46f8db/files/e84256474d1445919246b4a41a87f172.pdf。用于整理配料、净含量、生产者、日期、贮存条件、营养信息和过敏原提示。\n\n附件四：《特殊食品广告审查管理暂行办法》。来源：https://sjfg.samr.gov.cn/law/file//pdf/3235243/1663660163213.pdf。用于核对特殊食品广告审查、疾病预防治疗暗示和保健功能边界。\n\n附件五：《网络食品安全违法行为查处办法》。来源：https://sjfg.samr.gov.cn/law/file//pdf/3235243/1663580550475.pdf。用于确认网络食品销售资质展示、页面信息和平台责任。\n\n附件六：《中华人民共和国食品安全法》。来源：https://czt.ln.gov.cn/eportal/fileDir/data/lnsczt/W020190422606335384777.pdf。用于核对食品广告、标签说明书、虚假宣传和经营责任。\n\n附件提供互联网广告识别、食品标签、特殊食品广告和网络经营规则；配方检测、包装原件、店铺截图、达人合作关系及广告审查材料仍由运营补充。	docx, xlsx	Excel《代餐粉素材改稿表》保留素材位置、原文、上下文、规则风险、建议动作和所缺材料，作为运营排期记录。Word《代餐粉投放审查意见》汇总普通食品边界、广告识别、标签问题及本轮处理结果。	1. 按直播口播、达人短视频、详情页卖点、包装背面和营养成分表整理待审素材位置。\n2. 摘录“控糖”“饭前一杯少吃主食”“饱腹不长胖”及其所在位置和上下文。\n3. 用互联网广告规则判断直播、种草内容与购买入口涉及的广告标识和发布责任。\n4. 依据广告可识别性指南检查达人推荐和软性展示需要呈现的识别信息。\n5. 按预包装食品标签规则列出包装原件中需要核对的配料、净含量、日期、贮存和营养信息。\n6. 结合特殊食品广告规则分析普通食品被讲成功能食品或带出减重、控糖效果的风险。\n7. 用网络食品销售及食品安全规则补充店铺资质、页面信息和经营责任。\n8. 把配方检测、包装原件、店铺截图、达人合作关系和广告审查材料挂到对应素材行。\n9. 为每条素材确定可保留、改客观描述、补证明后复核或暂缓上线的当前动作。\n10. 先完成Excel逐条记录，再从中提炼影响月底排期的Word审查意见。\n11. 将营养含量、产品效果和达人体验相关表述留给相应项目材料核实。\n12. 把已具备处理条件的素材交回月底排期，其余项目按补证明或暂缓状态留在改稿表。	沈礼
沈礼_7.9_04	会员运营今天把酒店淡季短信召回需求交过来，周一上午先给法务过口径。名单里已经放了手机号、身份证后四位、入住城市、消费频次、生日月份以及“商务客／亲子客”标签，注册时却只有一份笼统的用户协议。法务要逐字段看清为什么进入名单、发给短信外包平台时会暴露什么、会员退订或注销以后数据怎样回流和停止使用。手机号承担短信触达，其他信息是否有必要一起交给外包，要逐字段说明，不能因为它们已经出现在名单里就默认都可使用。短信外包平台合同、授权记录、发送日志、退订回执和注销处理结果都还没拿到，现有法规只能提供处理规则。Excel因此作为主要工作记录，从会员库导出、分群打标、交给外包、完成发送、接收退订到注销处理逐段列字段；手机号、身份证后四位、入住城市、消费频次、生日月份和客群标签各占一行，写明用途、必要性、外包接触范围、现有依据与补件。外包合同还要能回答数据用途、接触权限、停止处理和记录返还等问题。法务可据此决定某个字段暂时保留、暂停、脱敏处理或等授权材料后再看，无需先替整场活动作上线判断。\n\nWord法规框架只收拢法务讨论真正需要的内容：现有用户协议能覆盖到哪里，哪些字段需要更具体的告知或同意，外包合同应说明哪些处理边界，发送日志怎样留存，退订和注销事项由哪个环节承接。个人信息保护法、数据安全法、网络安全法和个人信息安全规范分别落到这些实际动作上；酒店后台有没有授权、权限和处理记录，仍以运营及外包材料为准。退订回执和注销处理结果分别落到对应流程，不混成笼统的已处理状态。字段意见发生变化时，也要看是哪份授权、合同或日志改变了判断。周一这一版的结果是一套逐字段意见和清楚的补件路径，后续活动审批直接读取这套记录。	L2 流程型	法律、政务与公共服务	个人信息保护与数据合规	酒店会员短信营销隐私合规复核	为酒店淡季短信召回逐字段整理用途、外包接触范围和授权留痕问题，供周一法务先过口径。	5年	12h	附件一_中华人民共和国个人信息保护法.html；附件二_中华人民共和国数据安全法.html；附件三_中华人民共和国网络安全法.html；附件四_信息安全技术个人信息安全规范国家标准信息.html	html	附件一：《中华人民共和国个人信息保护法》。来源：https://www.cac.gov.cn/2021-08/20/c_1631050028355286.htm。用于核对个人信息处理规则、告知同意、敏感个人信息、个人权利和处理者义务。\n\n附件二：《中华人民共和国数据安全法》。来源：https://www.cac.gov.cn/2021-06/11/c_1624994566919140.htm。用于整理数据导出、传输、提供给外包平台、权限回收和风险补救管理动作。\n\n附件三：《中华人民共和国网络安全法》。来源：https://www.cac.gov.cn/2016-11/07/c_1119867116.htm。用于确认收集使用规则公开、服务无关信息收集、删除更正权利和泄露处置要求。\n\n附件四：《信息安全技术个人信息安全规范》国家标准信息页。来源：https://std.samr.gov.cn/gb/search/gbDetailed。用于整理告知同意、最小必要、个人权利响应、委托处理和留痕检查项。\n\n个人信息、数据和网络安全资料用于梳理字段处理、外包共享与会员权利；授权、外包合同、发送日志、退订回执和注销结果仍需酒店及外包记录。	docx, xlsx	Excel《会员短信字段与补件底表》沿名单导出、外包发送、退订和注销流程逐字段记录用途、处理意见、授权状态及材料缺口。Word《短信召回法务讨论框架》集中说明用户协议、外包约束、发送留痕和会员权利问题，供后续活动审批引用。	1. 画出会员名单从酒店后台导出、分群、交给外包平台、发送、退订回流到注销处理的路径。\n2. 逐项登记手机号、身份证后四位、入住城市、消费频次、生日月份和客群标签的使用目的。\n3. 分析字段单独使用与组合分群时的必要性、接触范围和处理差异。\n4. 将个人信息保护、数据安全、网络安全和个人信息安全规范对应到数据路径中的实际环节。\n5. 盘点用户协议、授权记录、外包合同、发送日志、退订回执和注销结果的现有状态。\n6. 为每个字段写明保留、暂停、脱敏或等待授权材料的法务讨论意见。\n7. 从Excel字段底表提炼Word法规框架，集中呈现协议、外包、留痕、退订和注销问题。\n8. 把法务反馈写回对应字段及补件行，供后续活动审批直接读取。\n9. 送法务前做一次流程自检：把发送、退订回流和注销处理三段记录接起来，确认字段意见、授权依据与外包动作都落在对应位置；缺少授权、合同或日志的字段仍保持暂停或待判断。	沈礼
沈礼_7.9_05	周五运营要重新排一组左旋肉碱类保健食品直播素材。上一版脚本被平台打回，群里最急的三个问题是“吃完瘦”“不反弹”“安全不伤身”还能不能留。现在能看到的只有这三句话，以及素材将出现在主播口播、详情页卖点、达人前后对比图、客服承诺和购物车标题这些位置；完整原文、蓝帽或批准信息、广告审查凭证、图片授权、客服承诺依据和平台沟通记录都还在运营手里。\n\n这轮先把能回答的事说透。三句话分别承诺减重结果、反弹结果和绝对安全，广告法、互联网广告规则和典型案例足以说明为什么应先停用；但其他口播、页面和图片没有原文，也没有相应证明，不能隔空替运营写替换句或下使用结论。运营更需要知道，每个素材到什么程度才值得再送审。\n\n主播口播至少要带原句和使用位置，详情页要有页面内容，达人图片连同来源与授权一起交，客服承诺要有依据，购物车标题则和商品页面放在同一条记录里。批准信息、广告审查凭证和平台沟通记录跟着对应素材归档。这样运营补资料时，经办人看到的是哪一处还缺什么，而不是又收到一份笼统的广告法摘要。\n\n三句话以外的素材还会分别碰到功效保证、疾病暗示、达人证明、广告可识别性和客服延伸承诺，原文与证明到齐后再进入逐条判断。周五交付两样东西。Word话术红线说明只讲三句现成表达的风险和当前处理，运营拿到就能先撤下；Excel收件与改稿表按口播、详情页、达人图片、客服承诺和购物车标题分行，记录原文位置、提供人、批准或授权材料、缺项、下一步动作和处理理由。资料以后补进原行，再逐条决定撤下、改成客观描述、补材料后复核或暂缓使用，不另起一套表。	L2 流程型	品牌市场与电商零售	直播电商广告合规与素材审查	保健食品直播宣传合规复核	先处理左旋肉碱直播素材中三句已知高风险表达，同时为口播、页面、达人图片、客服承诺和购物车标题建立收件与后续审改路径。	5年	14h	附件一_互联网广告管理办法.html；附件二_中华人民共和国广告法.html；附件三_广告审查管理暂行办法.pdf；附件四_网络直播营销管理办法发布说明.html；附件五_福建省2025年虚假违法广告典型案例.html；附件六_市场监管总局直播电商典型案例.html	html, pdf	附件一：《互联网广告管理办法》。来源：https://amr.sz.gov.cn/xxgk/qt/ztlm/ggcyfzyjg/zcfg/content/post_12439096.html。用于核对互联网广告标识、广告主责任、广告档案和特殊食品广告发布边界。\n\n附件二：《中华人民共和国广告法》。来源：https://amr.sz.gov.cn/xxgk/qt/ztlm/ggcyfzyjg/zcfg/content/post_12439092.html。用于确认保健食品广告禁止内容、必要提示语、虚假广告和广告代言要求。\n\n附件三：《广告审查管理暂行办法》。来源：https://sjfg.samr.gov.cn/law/file//pdf/3235243/1663660163213.pdf。用于整理广告审查适用范围、申请材料和审查凭证口径。\n\n附件四：《网络直播营销管理办法》发布说明。来源：https://www.cac.gov.cn/2021-04/22/c_1620670982951092.htm。用于核对直播间主体责任、营销人员行为、平台管理和消费者权益保护。\n\n附件五：福建省2025年虚假违法广告典型案例。来源：https://scjgj.fujian.gov.cn/zw/tzgg/202503/t20250318_6784756.htm。用于整理减肥、保健、功效夸大等执法风险参照。\n\n附件六：市场监管总局直播电商典型案例。来源：https://news.cctv.com/2025/11/28/ARTICYqMRua4VK6BlsXfaBNb251128.shtml。用于确认直播电商宣传、主体责任和平台治理的案例风险。\n\n广告、审查、直播营销规则和典型案例用于解释三句已知表达并设置审查项目；批准信息、广告审查凭证、图片授权、客服依据及平台沟通记录仍待运营提交。	docx, xlsx	Word《左旋肉碱直播话术红线说明》聚焦“吃完瘦”“不反弹”“安全不伤身”的风险来源与当前处理。Excel《直播素材收件与改稿表》按素材点位登记原文、材料位置、批准或授权证明、缺项、处理动作及复核状态，材料到件后继续用于逐条审改。	1. 登记群里明确出现的“吃完瘦”“不反弹”“安全不伤身”，把这三句作为本轮可审内容。\n2. 依据广告法判断减重结果承诺和绝对安全保证涉及的宣传风险。\n3. 结合互联网广告及直播营销规则整理广告识别、主播和平台管理相关核查点。\n4. 从典型案例中提取与三句表达直接相关的风险参照，写入话术红线说明。\n5. 为主播口播、详情页卖点、达人图片、客服承诺和购物车标题分别建立收件行。\n6. 把批准信息、广告审查凭证、图片来源授权、客服依据和平台沟通记录挂到相关素材点位。\n7. 在Excel中记录提供人、收到的内容、材料位置、缺项和复核状态。\n8. 对未收到具体原文的点位只登记收件要求，不预写替换表达或使用结论。\n9. 原文和证明到件后，逐条判断撤下、改客观描述、补材料后复核或暂缓使用。\n10. 将到件后的审查意见继续写回原素材行，使收件记录和改稿动作保持衔接。	沈礼
沈礼_7.9_06	街道临时抛来一个养老助餐点运营机会，理事会周三前先要弄明白这件事值不值得继续聊。我们有社区厨房合作方和志愿者队伍，却没有承接政府购买服务的经历；堂食助餐、送餐、食品安全、补贴对象和基本养老服务清单怎样接到一个具体项目上，现阶段都还没有街道材料回答。\n\n手头附件来自不同层级和地区。民政部行动方案可以看老年助餐网络、供给能力、运营扶持、就餐补贴、食品安全和部门职责；浙江实施方案反映省级设施、运营和监管做法；浙江政府购买服务目录用于查养老及助餐事项与社会力量承接的对应关系；广州基本养老服务清单提供另一地区的服务对象和项目口径。理事会可以据此形成问题，但广州的服务清单不是本街道清单，浙江的购买服务目录也不是一份已经到手的街道采购文件。\n\n真正影响后续沟通的材料还没来：街道招标文件、厨房资质、食品经营许可、成本测算、送餐合同、志愿者排班和补贴对象名单。这些材料解决的问题并不相同，采购文本决定项目怎么谈，许可和合同关系到厨房与送餐，成本及补贴对象则影响运营测算。Excel能力与补件表先按堂食、送餐、补贴结算、食品安全、志愿服务和政府购买服务分项，分别记录政策出处、我们目前能说明的能力、所缺材料以及要向街道核实的问题。厨房合作方和志愿者队伍写在已有条件里，政府购买服务经验则如实写明没有。每个事项还要标出政策适用地域，方便理事会看出哪些已经有依据，哪些仍等本地答复。\n\nWord会前材料不做投标方案，重点回答公开政策能说明什么、组织现在拿得出什么、哪些条件要由街道文件确认。理事会看到的应当是一组能继续谈的问题：采购事项覆盖哪些服务，服务对象和补贴如何确定，厨房与送餐主体需要什么材料，志愿者参与到什么环节，食品安全和结算责任怎样划分。若继续沟通，这些问题就是下一轮与街道核实的主线；若现有缺口已经超出组织愿意投入的前期准备，也要在讨论要点中直接呈现。周三前的结论停在是否继续沟通，投标判断等街道文件和项目材料到位后再谈。	L2 流程型	法律、政务与公共服务	养老服务与社区公共项目运营	养老助餐点服务目录与补贴边界核对	把养老助餐公开政策、社会组织已有条件和街道待确认事项分开，供理事会周三前决定是否继续沟通。	5年	12h	附件一_民政部积极发展老年助餐服务行动方案.html；附件二_浙江省发展老年助餐服务行动实施方案.pdf；附件三_浙江省政府向社会力量购买服务指导性目录2024.xlsx；附件四_广州市基本养老服务清单2024.html	html, pdf, xlsx	附件一：《积极发展老年助餐服务行动方案》。来源：https://www.mca.gov.cn/n152/n165/c1662004999979995353/content.html。用于核对老年助餐服务网络、供给能力、运营扶持、就餐补贴、食品安全和部门职责。\n\n附件二：浙江省发展老年助餐服务行动实施方案。来源：https://zjjcmspublic.oss-cn-hangzhou-zwynet-d01-a.internet.cloud.zj.gov.cn/jcms_files/jcms1/web3586/site/attach/0/b901d8cc96f04984b691c7ee28a09f5d.pdf。用于整理省级助餐服务设施、运营机制、补贴支持和监管要求。\n\n附件三：浙江省政府向社会力量购买服务指导性目录2024。来源：https://zjjcmspublic.oss-cn-hangzhou-zwynet-d01-a.internet.cloud.zj.gov.cn/jcms_files/jcms1/web1791/site/attach/0/3fdc63319c6842d39f63c08bb632a1fd.xlsx。用于确认养老服务、助餐相关事项能否匹配政府购买服务目录。\n\n附件四：广州市基本养老服务清单2024。来源：https://www.gz.gov.cn/gzzcwjk/gzdata/content/post_9770239.html。用于核对基本养老服务对象、服务项目和清单口径。\n\n国家行动方案、浙江实施方案和购买服务目录提供助餐及社会力量承接线索，广州清单作为异地服务口径参照；本街道采购、补贴和服务对象条件仍待项目文件说明。	docx, xlsx	Excel《养老助餐能力与补件表》按堂食、送餐、补贴结算、食品安全、志愿服务和政府购买服务登记政策地域、已有条件、材料缺口及街道问题。Word《养老助餐机会会前讨论要点》供理事会判断是否继续沟通，不承担投标判断。	1. 按发布主体和适用地区整理民政部方案、浙江实施方案、浙江购买服务目录和广州服务清单。\n2. 从民政部方案中提取助餐网络、供给能力、运营扶持、就餐补贴、食品安全和部门职责。\n3. 整理浙江实施方案中的助餐设施、运营机制、补贴支持和监管内容。\n4. 在浙江购买服务目录中查找养老服务和助餐相关事项与社会力量承接的关系。\n5. 把广州基本养老服务清单中的服务对象和项目口径保留为异地参照。\n6. 将机会拆成堂食、送餐、补贴结算、食品安全、志愿服务和政府购买服务事项。\n7. 登记社区厨房合作方、志愿者队伍以及没有政府购买服务承接经历的组织现状。\n8. 列出街道招标文件、厨房资质、食品经营许可、成本测算、送餐合同、排班和补贴对象名单。\n9. 围绕厨房与送餐主体材料、食品安全责任和服务过程形成街道待答问题。\n10. 围绕服务对象、补贴口径、结算方式和购买服务范围形成街道待答问题。\n11. 将政策出处、适用地域、已有条件、材料缺口和街道问题写入Excel。\n12. 从Excel中提炼理事会真正需要讨论的投入条件和仍不清楚的事项。\n13. 在Word中收束为是否继续沟通的判断依据，投标事项留到街道文件和项目材料到位以后。\n14. 理事会材料交付前逐项核对堂食、送餐和补贴结算，确认异地政策没有写成本地条件，未到手的项目文件也没有写成组织现有能力。	沈礼
沈礼_7.9_07	周五的雨水井和隔油池清掏已经排进物业工程群，外包队却只发来营业执照、报价单和两张工人身份证。有限空间作业审批表、监护人安排、通风检测记录、应急装备、培训记录和外包安全协议都没有出现在这批资料里。老板不接受现场师傅仅靠口头保证就开工，物业现在得先弄明白：这些基础资料能证明什么，距离允许人员进场还差什么。\n\n雨水井和隔油池要结合实际结构和清掏方式判断是否落入有限空间作业管理。一旦适用，问题就不只是外包队有没有营业执照，还包括物业作为发包方怎样统一协调，谁完成作业审批，通风和气体检测怎样实施，监护人是否到位，现场警示和应急救援装备是否能真正使用。附件中的安全生产法负责厘清双方责任，有限空间规定及解读给出进入前和作业中的操作要求，重大事故隐患标准则用来识别哪些缺口会直接阻断作业。\n\n这次核对要沿着清掏工作的真实顺序展开。外包队报到前先收哪些书面材料，人员到场后查培训、监护和装备，进入雨水井或隔油池前记录通风与检测结果，作业过程中保留监护和异常处置，结束后归档审批、检测和现场签认。书面资料已经收到，不等于现场条件已经满足；同样，现场临时看到一件装备，也不能替代培训、审批和安全协议。\n\n最终给物业经理一个能直接用于周五排期的准入意见，把当前阻断项、进场前应补项目和必须到现场确认的事项分开。配套清单由工程经办人继续收件并记录现场结果，营业执照、报价单和身份证保留在基础资料栏，审批、监护、检测、培训、装备和协议各回到自己的核对位置。现场检测结果、作业地点和签认人也要落在同一条作业记录中。外包队补到哪一项，物业就按对应条件复核，不靠口头承诺放行。	L2 流程型	企业经营与战略决策	供应链与运营	园区有限空间外包作业准入复核	围绕周五雨水井和隔油池清掏，把外包队的基础资料、有限空间准入条件和现场安全动作拆开，形成能否进场的判断。	5年	12h	附件一_中华人民共和国安全生产法.html；附件二_工贸企业有限空间作业安全规定.pdf；附件三_工贸企业有限空间作业安全规定解读.html；附件四_工贸企业重大事故隐患判定标准.html	html, pdf	附件一：《中华人民共和国安全生产法》。来源：https://www.mem.gov.cn/fw/flfgbz/fg/202107/t20210716_416558.shtml。用于核对生产经营单位主体责任、外包统一协调管理、培训、隐患排查和应急救援要求。\n\n附件二：《工贸企业有限空间作业安全规定》。来源：https://www.mem.gov.cn/gk/zfxxgkpt/fdzdgknr/gz11/202312/P020231211365582336279.pdf。用于确认有限空间辨识、作业审批、通风检测、监护、警示标志和应急装备。\n\n附件三：规定解读。来源：https://www.mem.gov.cn/gk/zcjd/202312/t20231212_471584.shtml。用于整理监管关注点、作业前准备和盲目施救风险提示。\n\n附件四：《工贸企业重大事故隐患判定标准》。来源：https://www.mem.gov.cn/gk/zfxxgkpt/fdzdgknr/202304/t20230417_448156.shtml。用于核对有限空间相关重大事故隐患和停工整改触发条件。\n\n安全生产法用于厘清物业与外包队的管理责任；有限空间规定、配套解读和重大隐患标准对应审批、通风检测、监护、装备及停工条件。本次作业记录仍须由外包队提交并由物业现场签认。	docx, xlsx	Word《有限空间外包作业准入意见》直接呈现周五能否进场、阻断原因、补齐条件和双方责任。Excel《外包材料与现场核对清单》把书面收件、人员装备、进入前检测、作业监护和现场签认分栏记录。	1. 根据雨水井、隔油池的结构和清掏方式确认有限空间要求是否适用。\n2. 登记营业执照、报价单和两张工人身份证能够证明的基础信息。\n3. 从安全生产法中整理发包方统一协调、培训、隐患排查和应急救援责任。\n4. 把作业审批、通风、气体检测、监护、警示和应急救援装备排进进场流程。\n5. 对照重大事故隐患标准找出会阻断作业或要求停工的情形。\n6. 将缺项分别放入当前阻断、进场前补齐和现场确认，写明提供方与签认人。\n7. 形成周五准入意见，并把重新报备所需条件交给外包队和工程经办人。\n8. 让现场人员按核对清单记录检测、监护、装备和异常处置，材料收件不代替现场判断。	沈礼
沈礼_7.9_08	后勤主任一早转来的换季菜单、供货商名单和冷柜照片，看起来已经有了一套新菜单的轮廓；家长投诉截图也随消息一起发了过来。菜名和照片齐全仍回答不了下周一能不能换菜单。食品留样记录、陪餐安排、从业人员健康证、日管控周排查月调度记录还没有对上，供货商资质、承包合同履约材料和投诉原件也不在现有资料中。下午面对家委会时，校方既要说清已经掌握的情况，也要能回答哪些环节仍由承包商补材料或接受现场核查。\n\n复核从一份菜单往后走：食材由哪些供货商提供，采购和进货查验怎样留痕，冷藏冷冻条件是否与实际食品相符，加工、配送或供餐如何衔接，留样由谁执行，陪餐怎样安排，出现投诉后原始记录在哪里。菜单对应菜品安排，供货商名单提供核对入口，几张冷柜照片只记录被拍到的设备和时点；健康证、留样和日常管控另查证件与连续记录。\n\n学校集中用餐规定要落到校长负责制、采购、贮存、加工、供餐和陪餐。若存在校外供餐，还要把承包商准入、合同、配送和监督责任接进同一条流程。食品安全法中的进货查验、加工贮存和事故处置，与主体责任规定中的食品安全员、日管控、周排查、月调度分别由谁执行，不能全部笼统归给承包商。校方自己的监督动作和承包商应交的记录要各有位置。\n\n家长投诉截图作为查找原始投诉和处理记录的线索，具体问题回到原件和办理记录。针对菜单本身能当场调整的内容，直接写清处理动作；健康证、留样、供货资质和日周月台账则回到证件、记录或现场。家委会最终看到每个问题现在走到哪里，法规名称只放在相应依据旁。\n\n最后留给后勤主任的是Word复核意见，用来说明新菜单是否具备下周一启用条件、哪些动作属于校方、哪些材料由承包商补；Excel跟进表交给校方、承包商和食品安全员继续更新。表中按供餐环节记录已有资料、责任方、需要补交或现场查看的内容及复核结果，菜单、名单和照片不会被当作其他环节已经合格的证明。	L2 流程型	投资战略、专业服务与企业经营	食品经营与门店运营	学校食堂外包供餐留样与陪餐整改复核	从菜单、采购、贮存到留样陪餐和投诉处理逐段核对换季供餐安排，为下周一是否启用新菜单提供校方可执行的整改依据。	5年	12h	附件一_学校食品安全与营养健康管理规定.html；附件二_加强学校校外供餐管理工作通知.html；附件三_中华人民共和国食品安全法.html；附件四_食品生产经营企业落实食品安全主体责任规定.html	html	附件一：《学校食品安全与营养健康管理规定》。来源：https://www.moe.gov.cn/srcsite/A02/s5911/moe_621/201903/t20190311_372925.html。用于核对学校集中用餐、校长负责制、陪餐、采购、贮存、加工、配送和供餐关键环节。\n\n附件二：《加强学校校外供餐管理工作通知》。来源：https://www.moe.gov.cn/srcsite/A17/moe_943/s3283/202108/t20210824_553926.html。用于确认校外供餐准入、合同管理、配送管理和监督责任。\n\n附件三：《中华人民共和国食品安全法》。来源：https://www.gjxfj.gov.cn/gjxfj/xxgk/fgwj/flfg/webinfo/2016/03/1460585589840691.htm。用于核对食品经营者主体责任、进货查验、加工贮存、食品安全事故处置和法律责任。\n\n附件四：《食品生产经营企业落实食品安全主体责任规定》。来源：https://amr.sz.gov.cn/xxgk/qt/ztlm/spaqjg1/zcwj/content/post_12093872.html。用于整理食品安全总监/食品安全员、日管控、周排查、月调度和记录留存要求。\n\n学校集中用餐和校外供餐文件分别约束校方责任与承包商管理，食品安全法和主体责任规定补足进货、加工、事故处置及日周月记录。真实健康证、留样、陪餐和履约情况须回到校内原始记录。	docx, xlsx	Excel《换季菜单整改与材料跟进表》按供餐环节分配承包商补件、校方检查和现场核验，并保留处理结果。Word《换季菜单上线复核意见》供后勤主任向家委会说明启用判断、整改动作及双方责任。	1. 整理菜单、供货商名单、冷柜照片和投诉截图中能够直接识别的信息。\n2. 沿采购、验收、贮存、加工、配送或供餐、留样、陪餐和投诉处理还原流程。\n3. 核对学校集中用餐中的校方责任、陪餐、采购和加工供餐要求。\n4. 在涉及校外供餐的环节检查承包商准入、合同履约、配送和监督责任。\n5. 依据食品安全法列出供货资质、进货查验、加工贮存和事故处置所需记录。\n6. 把食品安全员、日管控、周排查、月调度分别落实到责任人与台账位置。\n7. 回到投诉原件和处理记录，不从截图推断未出现的事实。\n8. 区分菜单可调整项、承包商补件项和必须现场查看的事项。\n9. 判断哪些问题影响下周一启用，并把原因写进复核意见。\n10. 在跟进表中为每项材料和整改动作记录责任方及复核结果。\n11. 由后勤主任依据启用判断和跟进表向家委会说明校方与承包商各自的动作。	沈礼
沈礼_7.9_09	慢病复购入口的设想已经很具体：老会员上传处方，药师审核后，系统把常用处方药配送到家；页面同时预留了“买二送一”和“复购立减”。药房产品经理本周想做灰度，真正需要先拆开的，是处方药能不能在线销售、处方怎样进入审核、药师的动作如何留痕、配送和用户信息怎样衔接，以及促销位置会不会把处方药复购写成普通商品活动。\n\n现有附件可以直接用于检查这条流程。药品网络销售规则负责主体责任、交易信息留存、质量安全和个人信息保护；禁售清单决定哪些药品不能进入网络销售路径；处方管理规则要落到处方来源、审核、调配、核对和保存；长期处方规则则用于判断病情稳定、长期用药和复诊评估怎样影响慢病复购。页面上的促销不能脱离药品类别和处方条件单独判断，拍处方、药师审核、药品匹配、配送到家和复购提醒也不能被一个统一状态带过。老会员身份、处方审核和长期处方条件各自说明不同情况，产品流程要保留处方审核与用药安全所需的实际动作。\n\n题设没有处方样本、药师资质排班、审核日志、配送协议、用户授权记录和促销活动审批材料。工作重点因此落在功能和页面：每个节点需要什么输入，药师或系统做什么，留下什么记录，用户会看到什么，缺少哪项材料时功能应当停在哪一层。处方样本对应处方内容，资质排班和审核日志对应药师动作，配送协议与授权记录则回到配送和用户信息处理。产品和法务拿到的复核意见要能指出禁售拦截、处方审核、长期处方、促销表达、配送与授权各自的处理方式；功能核对表则把规则、现有证据、页面动作和待收材料接在同一行。最终根据这些条件决定本周灰度可以包含哪些功能，哪些位置先调整，哪些必须等真实记录和协议到位。	L2 流程型	科技软件与 AI 工作流	医疗与药品流通	药店小程序处方药网络销售复核	沿处方上传、药师审核、复购展示和配送流程检查慢病入口，把网售禁限、处方留痕、促销页面及所需材料落实到功能处理建议。	5年	14h	附件一_药品网络销售监督管理办法.html；附件二_药品网络销售禁止清单第一版公告.html；附件三_处方管理办法.pdf；附件四_长期处方管理规范试行.html	html, pdf	附件一：《药品网络销售监督管理办法》。来源：https://www.ccfdie.org/cn/yjxx/zcwj/webinfo/2024/05/1716631944562356.htm。用于核对药品网络销售主体、交易信息真实准确完整留存、质量安全和个人信息保护。正文口径包括从事药品网络销售和提供交易平台服务应采取有效措施保障交易信息真实、准确、完整，并依法承担药品质量安全责任。\n\n附件二：《药品网络销售禁止清单第一版公告》。来源：https://www.ccfdie.org/zryyxxw/yaop/cfdatz/webinfo/2022/12/1668876288391314.htm。用于确认不得通过网络销售的药品范围和页面拦截口径。正文口径包括疫苗、血液制品、麻醉药品、精神药品、医疗用毒性药品、放射性药品、药品类易制毒化学品等禁止网络销售类别。\n\n附件三：《处方管理办法》。来源：https://www.nhc.gov.cn/wjw/c100221/202201/6a4ee53e4a3a407fbd9f520e1e2662c5/files/%E5%A4%84%E6%96%B9%E7%AE%A1%E7%90%86%E5%8A%9E%E6%B3%95.pdf。用于整理处方开具、调剂、审核、保存和药师职责。正文口径包括处方由注册执业医师等开具，药学专业技术人员按处方审核、调配、核对并作为用药凭证保存。\n\n附件四：《长期处方管理规范（试行）》。来源：https://www.nhsa.gov.cn/art/2021/8/13/art_37_5778.html。用于核对长期处方适用对象、期限、复诊评估和慢病管理边界。正文口径包括长期处方主要面向病情稳定、需长期用药的慢性病患者，并应结合诊疗规范、患者病情和用药安全管理。\n\n网售办法和禁售清单确定销售范围与交易留痕，处方管理办法及长期处方规范负责审核、保存和慢病用药条件。处方、药师排班、配送与授权仍须由真实业务记录承接。	docx, xlsx	Word《慢病复购入口法规复核意见》按用户操作顺序说明可保留功能、页面调整和暂缓事项。Excel《处方药复购功能核对表》逐节点记录药品或数据、系统动作、药师动作、规则依据、材料状态及处理建议。	1. 还原老会员上传处方、药师审核、药品匹配、配送到家和复购提醒的完整路径。\n2. 按禁售清单设置网络销售范围和页面拦截核对项。\n3. 根据处方管理规则梳理处方来源、审核、调配、核对及保存动作。\n4. 把长期处方的适用对象、用药安全和复诊评估要求放回慢病复购节点。\n5. 分别判断“买二送一”和“复购立减”所在页面与处方药销售条件的关系。\n6. 列出处方样本、药师资质排班、审核日志、配送协议、授权记录和活动审批材料的对应功能。\n7. 在功能核对表中记录每个节点的现有证据、页面动作和停止位置。\n8. 形成产品与法务能够直接讨论的页面修改、禁售拦截和处方留痕意见。\n9. 依据核对结果确定本周灰度范围及暂不进入灰度的功能位置。	沈礼
沈礼_7.9_10	社区诊所想赶在这个月递交医保定点申请，老板现在拿到的只有营业执照、医疗机构执业许可证和一份自查表。自查表里提到药品耗材追溯码、影像结果上传、医技人员资质、价格执行和基金使用内控，但都只写了结论，没有对应原件、系统画面、人员证书、价格记录或制度全文。光凭这份自查表，还判断不了材料能不能送出去。\n\n现有附件可以用来对照申请、评估、谈判、协议订立和后续履行，也能查价格、追溯和基金监管要求；它们解决的是审查尺度，不会替诊所证明人员、系统和制度已经达到条件。定点办法的网页和PDF只做交叉校读，不重复算两份材料。要从自查表里的五项逐个往回找证据：追溯码看实际记录，影像上传看系统截图，医技人员看证书，价格执行看收费和价格资料，基金内控既看制度正文，也看有没有运行痕迹。证照原件本身也要确认，而不是只登记文件名。\n\n这次先做补件安排。每一项缺口都要写出它影响的是申报入口、专业评估、协议管理还是后续履行，老板才能按办理环节安排诊所下一轮收件，并把经办人落到具体事项上。Excel补件表按入口条件、服务能力、人员、价格、追溯、基金内控和系统接口放材料，写明现有文件、缺口、经办人、影响环节和补件先后。Word补件安排把可先整理、等待正式证明、先改系统或制度三种动作分开，列出下一批材料先收什么。它不判断这个月是否适合递交；自查表里没有被原件、系统画面、人员证书、价格记录或制度全文接住的内容仍按待补处理，真实材料到齐后再进入申报预审。营业执照和执业许可证到手也不等于其他条件已经满足，规则附件更不能替诊所证明实际运行。	L2 流程型	金融服务与财富投研	医疗保障支付与医药价格治理	社区诊所医保定点申请材料预审	根据社区诊所自查表和定点规则整理人员、价格、追溯、基金内控及系统材料的补件顺序，不提前作申报预审结论。	5年	14h	附件一_医疗机构医疗保障定点管理暂行办法.html；附件二_医疗机构医疗保障定点管理暂行办法.pdf；附件三_进一步加强医疗保障定点医疗机构管理通知.html；附件四_医疗保障基金使用监督管理条例实施细则.html	html, pdf	附件一：《医疗机构医疗保障定点管理暂行办法》网页。来源：https://www.nhsa.gov.cn/art/2021/1/8/art_37_4243.html。用于核对定点申请、专业评估、协商谈判、协议订立、协议履行和退出管理。\n\n附件二：《医疗机构医疗保障定点管理暂行办法》PDF。来源：https://www.nhsa.gov.cn/attach/0/db817574319f46709ab5d2542e4e32f4.pdf。用于复核办法原文和网页口径一致性。\n\n附件三：《进一步加强医疗保障定点医疗机构管理通知》。来源：https://www.nhsa.gov.cn/art/2025/6/24/art_104_16988.html。用于整理2025年对定点机构协议管理、服务行为、医药价格和追溯码等强化要求。\n\n附件四：《医疗保障基金使用监督管理条例实施细则》。来源：https://www.nhsa.gov.cn/art/2026/2/13/art_173_19681.html。用于核对基金使用、内部管理、违法违规行为和监督检查口径。\n\n定点管理办法的网页与PDF用于校读申报及协议流程，加强管理文件补充服务、价格和追溯要求，基金监管细则对应内部控制与基金使用。诊所自身能力须以证照、人员、系统和制度原件核实。	docx, xlsx	Excel《医保定点申报材料补件表》按入口条件、服务能力、人员、价格、追溯、基金内控和系统接口记录现有材料、影响环节与处理状态。Word《社区诊所定点申报补件安排》区分可先整理、等待正式证明和先改系统或制度三类动作，不作本月递交判断。	1. 登记营业执照、医疗机构执业许可证和自查表的实际文件状态。\n2. 校读定点管理办法网页与PDF，整理申报、评估、谈判、协议订立和履行流程。\n3. 从加强管理文件提取服务行为、医药价格和药品耗材追溯要求。\n4. 用基金监管规则核对基金使用、内部管理和监督检查事项。\n5. 把自查表中的追溯码、影像上传、人员资质、价格执行和基金内控逐项拆开。\n6. 为原始证照、系统截图、人员证书、价格记录、追溯材料和制度全文设置收件位置。\n7. 说明每项缺口会影响申报、专业评估、协议管理还是后续履行。\n8. 区分可先整理、取得证明后推进和先改系统或制度的事项。\n9. 按对申报条件的影响安排材料补交顺序。\n10. 完成补件表后汇总每类材料对应的办理环节和补件先后。\n11. 在补件安排中列出可先整理、等待正式证明和先改系统或制度三类后续动作。\n12. 把补件安排交给老板和诊所负责人确定下一轮收件顺序，真实材料到齐后再作申报预审。	沈礼
沈礼_7.9_11	公益项目后台把企业捐款、员工配捐、物资折价和几笔备注为“公益合作款”的记录放在了一起，捐赠人又在催公益事业捐赠票据和税前扣除材料。财务眼下不能只凭后台备注决定怎么处理：现金是否实际收到，款项依据什么协议进入项目，物资按什么资料确认，受助对象和公益用途怎样对应，都会影响票据复核；能否税前扣除还要继续看受赠主体资格、票据和相应材料，并不是开出票据就自然成立。\n\n四类记录需要走不同的核对路径。企业捐款和员工配捐先对捐赠人、收款凭证、协议及公益用途；物资折价还要承接物资清单和评估材料；“公益合作款”仅凭备注无法确定是捐赠、合作还是其他性质，应当先回到协议和收款记录。慈善法与公益事业捐赠法用来核对捐赠主体、财产、用途和受赠管理，票据管理办法负责开具、电子票据、使用和核销，税前扣除公告则回答资格与材料要求。几套规则在同一批记录上衔接，但票据动作和扣除提示要分开。\n\n项目组尚未交后台捐赠明细、收款凭证、捐赠协议、物资评估材料、受助对象清单、票据开具记录和税前扣除资格证明。财务需要一套拿到材料后能逐笔使用的分流办法：材料达到什么程度可以进入开票复核，缺协议或收款凭证时停在哪里，物资资料不足时由谁补，面对捐赠人的税前扣除询问应当提示哪些条件。现阶段不预填金额或批次结论。\n\n批次核对模板放在实际处理的最前面，逐笔记录捐赠类型、现有材料、票据动作、税前扣除提示、经办人和复核状态；规则说明用于解释各栏怎样填写以及电子票据和核销怎样留痕。财务拿到项目组资料后从后台记录开始核对，无法确认性质的“公益合作款”先转协议核验，不与已确认捐赠混在一起。	L2 流程型	法律、政务与公共服务	政策研究与政务材料	公益项目捐赠票据开具与税前扣除材料核对	为公益项目财务建立按捐赠类型核对票据和税前扣除材料的办法，让后台记录在资料到齐后能够逐笔分流。	5年	12h	附件一_中华人民共和国慈善法.html；附件二_中华人民共和国公益事业捐赠法.html；附件三_公益事业捐赠票据使用管理办法.pdf；附件四_公益性捐赠税前扣除事项公告.html	html, pdf	附件一：《中华人民共和国慈善法》。来源：https://xxgk.yczf.gov.cn/xzf/ycmzj/fdzdgknr/fgwj_41995/202404/t20240408_1960201.shtml。用于核对慈善活动、慈善组织、慈善捐赠、慈善财产和信息公开要求。\n\n附件二：《中华人民共和国公益事业捐赠法》。来源：https://www.gqb.gov.cn/node2/node3/node5/node9/userobject7ai1270.html。用于确认捐赠人、受赠人、捐赠财产、公益用途和受赠管理责任。\n\n附件三：《公益事业捐赠票据使用管理办法》。来源：https://www.qzlc.gov.cn/zwgk/qzbm/czj/ggl/202405/P020240520340291167612.pdf。用于整理票据开具、电子票据、使用范围、核销和监督管理。\n\n附件四：《公益性捐赠税前扣除事项公告》。来源：https://fgk.chinatax.gov.cn/zcfgk/c102416/c5202214/content.html。用于核对公益性捐赠税前扣除资格、票据和材料要求。\n\n慈善法和公益事业捐赠法负责捐赠主体、财产、用途与管理，票据办法对应开具和核销，税前扣除公告另行核对资格与凭证。项目批次仍要接回后台明细、收款、协议及物资材料。	docx, xlsx	Excel《公益捐赠批次核对模板》逐笔记录捐赠类型、现有材料、票据动作、税前扣除提示、经办人和复核状态，批次结论随原始材料核对后填写。Word《捐赠票据与扣除材料规则说明》解释各类记录的分流条件、电子票据使用和核销留痕。	1. 把后台记录分为企业捐款、员工配捐、物资折价和备注为“公益合作款”的项目。\n2. 按捐赠人、受赠人、捐赠财产和公益用途整理慈善及公益捐赠要求。\n3. 从票据管理办法提取票据开具、电子票据、使用范围和核销事项。\n4. 将税前扣除资格、票据和材料要求与开票动作分开记录。\n5. 为现金记录设置后台明细、收款凭证和捐赠协议核对栏。\n6. 为物资折价设置物资清单、评估材料和受助对象信息栏。\n7. 让备注含糊的“公益合作款”先回到协议和收款记录确认性质。\n8. 设计进入开票复核、补协议或凭证、补物资材料和暂不作扣除提示的分流。\n9. 在规则说明中写明模板填法、电子票据处理和核销留痕。\n10. 把批次模板交给财务和项目组，按同一分流办法承接后续原始材料。	沈礼
裴硬_7.9_01	今天要过“敏感肌急救精华”的实际投放素材。附件里有三段达人短视频口播、详情页首屏文案和前后对比图，购买入口还会与达人内容放在一起；周五前这些内容就要定稿。运营需要逐点改稿：原句落在哪段口播、哪个页面或哪张图，为什么有风险，能否保留原卖点调整表达，还是必须暂缓并补材料。\n\n“三天退红”带有明确的效果时间和结果，“医美级维稳”容易把化妆品与医疗概念连在一起，“修护屏障”则要结合完整句子、产品备案和功效评价资料判断。三句话不能用同一种改法处理，也不能只删掉几个词就结束。口播里由达人讲出的体验、详情页首屏的商品卖点、前后对比图传达的效果，以及购买入口与内容的组合，各自涉及不同的展示方式和用户理解。\n\n化妆品监督管理规则用于检查宣称真实性、医疗暗示和经营者责任；网络经营规则落到详情页信息和处置留痕；功效宣称评价规范帮助判断舒缓、修护等表达需要什么评价资料；互联网广告规则则连接达人身份、广告可识别性和购买入口。审改意见把每项依据落回对应素材，法规摘要不单独占篇幅。\n\n产品备案页、功效评价摘要、达人合同、前后对比图来源和后台投放数据没有随附件交来。能从现有原文和规则直接判断的问题先给处理动作；涉及备案功效、达人合作关系、图片真实性或实际投放表现的内容，把所需材料挂在具体素材点位后。替换方向仍围绕原本要表达的卖点，不增加附件没有提供的新功效或用户体验。\n\n素材审改意见按口播、详情页、对比图和购买入口呈现原文、处理结论、理由与改写方向，供内容运营和法务统一周五定稿口径。改稿台账继续跟踪每个点位的材料、修改人和复核状态，让内容运营、法务和投放使用同一处结论。	L2 流程型	品牌市场与电商零售	电商内容投放与商品合规	化妆品功效宣称与达人短视频复核	逐点审改敏感肌精华的三段达人口播、详情页和对比图，让功效表达、达人披露与购买入口在周五定稿前使用同一判断。	5年	12h	附件一_化妆品监督管理条例.pdf；附件二_化妆品网络经营监督管理办法.html；附件三_化妆品功效宣称评价规范.html；附件四_互联网广告管理办法.html	pdf, html	附件一：《化妆品监督管理条例》。来源：https://xzfg.moj.gov.cn/law/download?LawID=451&type=pdf。用于核对功效宣称真实性、标签广告医疗暗示、经营者责任和处罚边界；对“三天退红”“医美级”等高风险词给出上限。\n\n附件二：《化妆品网络经营监督管理办法》。来源：https://yjj.scjgj.fujian.gov.cn/hzp/flfg/202305/t20230519_6172489.htm。用于确认详情页、网络销售页面、平台内经营者信息展示和风险处置留痕。\n\n附件三：《化妆品功效宣称评价规范》。来源：https://yjj.scjgj.fujian.gov.cn/hzp/flfg/202107/t20210708_5642667.htm。用于整理保湿、修护、舒缓等功效证据强度、摘要公开和评价资料口径。\n\n附件四：《互联网广告管理办法》。来源：https://www.moj.gov.cn/pub/sfbgw/flfggz/flfggzbmgz/202306/t20230620_481045.html。用于核对达人发布、购买链接、种草表达和广告可识别性。\n\n化妆品条例确定宣称真实性和医疗暗示边界，网络经营办法对应详情页，功效评价规范连接修护等表达的资料要求，互联网广告办法用于核对达人内容与购买入口。备案、评价、合同和图片来源仍由项目资料补足。	docx, xlsx	Word《敏感肌精华投放素材审改意见》按素材位置给出处理结论、理由及贴近原卖点的改写方向。Excel《达人投放改稿台账》保存原句或图片位置、法规点、处理动作、待补材料、修改人和复核状态。	1. 给三段短视频口播、详情页首屏、前后对比图和购买入口建立素材位置编号。\n2. 保留“三天退红”“医美级维稳”“修护屏障”所在的完整句子或画面说明。\n3. 依据化妆品监管规则判断真实性、医疗暗示和经营者责任问题。\n4. 检查详情页主体信息、商品展示和风险处置记录。\n5. 把舒缓、修护等功效表达与备案页、评价摘要所需内容对应。\n6. 查看达人内容与购买入口的组合是否需要清晰的广告识别。\n7. 分别处理口播体验、首屏卖点、对比图效果和购买入口，不用一条意见覆盖全部素材。\n8. 将每个点位归入保留、改写、暂缓或补材料后复核。\n9. 为可以继续修改的原句提供不增加新功效的表达方向。\n10. 把产品备案页、功效评价摘要、达人合同、图片来源和后台数据挂回对应点位。\n11. 在审改意见中说明结论和理由，在改稿台账中分配修改与补件。\n12. 协调口播、详情页和对比图对同一功效使用一致的证据口径。\n13. 将已经完成审改的点位交回内容运营、法务和投放继续定稿。	裴硬
裴硬_7.9_02	官网预约试用、展会扫码和公众号留资是三条不同的线索入口，销售明天却要在客户周会上用一个口径说明它们能否接入海外CRM。拟同步的姓名、手机号、公司邮箱、职位、采购预算和跟进备注，也不能因为都在字段清单里就默认采用同一种处理方式。法务这轮要做的是初筛：哪些字段有必要进入少字段试点，哪些先留在境内，哪些需要脱敏，哪些要等正式材料后再讨论。\n\n先从线索取得方式看。官网和公众号页面怎样告知用途，展会扫码时收到了什么说明，三个入口各自对应哪些字段和后续跟进动作，都要分别登记；一个入口的授权不能直接替另一个入口使用，三条来源也要保留各自的材料位置。再从字段看，姓名、手机号、公司邮箱、职位、采购预算和跟进备注各自服务什么业务目的，是否包含个人信息，缩减后还能不能完成预约或销售跟进，需要逐项说明。\n\n现有材料只有字段清单、供应商标准合同和一页“全球合规”说明。个人信息保护、数据安全、安全评估和跨境流动规则能够帮助识别告知、最小必要、分类分级、接收方和出境路径所需条件，但正式CRM合同、境外接收方安全材料、用户授权记录及历史导出日志尚未取得。供应商标准文本适合用来发现还要谈什么，不代表双方已经完成正式约定；宣传说明也不能回答接收方怎样保护数据。\n\n周会材料最终围绕字段和渠道给出初筛结果，不替正式出境审批选定路径。字段表保存来源、用途、现有材料、建议动作和补件责任；说明稿把销售能向客户讲清的试点范围、暂留境内的字段及正式评审前提集中起来。周会据此讨论范围明确的试点是否值得继续，海外CRM当前不写成已经具备接入条件。	L2 流程型	科技软件与 AI 工作流	企业软件采购与数据合规	海外CRM试用线索跨境传输复核	把三类营销线索和六个拟同步字段逐项拆开，为海外CRM少字段试点形成销售可用、法务可继续复核的初筛结果。	6年	14h	附件一_个人信息保护法_数据出境规则.html；附件二_中华人民共和国数据安全法.html；附件三_数据出境安全评估办法.html；附件四_促进和规范数据跨境流动规定.html	html	附件一：《中华人民共和国个人信息保护法》。来源：https://www.cac.gov.cn/2021-08/20/c_1631050028355286.htm。用于核对告知同意、最小必要、敏感个人信息、自动化决策和个人信息出境条件。\n\n附件二：《中华人民共和国数据安全法》。来源：https://www.cac.gov.cn/2021-06/11/c_1624994566919140.htm。用于整理数据分类分级、安全保护义务、重要数据和风险监测要求。\n\n附件三：《数据出境安全评估办法》。来源：https://www.cac.gov.cn/2022-07/07/c_1658811536594644.htm。用于确认哪些情形可能走安全评估、申报材料和评估关注点。\n\n附件四：《促进和规范数据跨境流动规定》。来源：https://www.cac.gov.cn/2024-03/22/c_1712776611775634.htm。用于核对2024年跨境流动便利化、豁免、负面清单和标准合同等路径。\n\n个人信息保护与数据安全规则用于核对字段必要性和管理义务，安全评估办法及跨境流动规定提供路径判断条件。标准合同和“全球合规”说明只是现有材料，正式合同、接收方说明及授权日志仍须另取。	docx, xlsx	Excel《海外CRM线索字段初筛表》按渠道和字段记录来源、用途、个人信息属性、建议处理及补件责任。Word《海外CRM少字段试点说明》供销售在客户周会上解释可讨论范围、境内暂存项和正式评审前提。	1. 分别还原官网预约试用、展会扫码和公众号留资的字段取得方式。\n2. 登记姓名、手机号、公司邮箱、职位、采购预算和跟进备注的业务用途。\n3. 核对三个入口各自的告知内容和用户授权记录。\n4. 依据个人信息保护和数据安全规则判断字段必要性、个人信息属性及分类管理。\n5. 从安全评估和跨境流动规则中整理正式评审所需的处理规模与接收方条件。\n6. 区分供应商标准合同、“全球合规”说明、正式CRM合同和境外接收方材料。\n7. 将字段分别放入少字段试点、境内暂存、脱敏处理、暂缓同步或补件后再议。\n8. 把字段初筛结果转成销售明天可在客户周会上使用的范围说明。	裴硬
裴硬_7.9_03	业委会群里已经吵了两晚，争议从一个很直白的问题开始：电梯广告一年18万元到底进了哪里。物业说这笔钱抵了保洁和维保，业主代表要看广告合同、入账流水和分摊明细。与此同时，三台电梯的大修报价也摆到了面前，物业希望动用住宅专项维修资金。社区工作人员要准备下周协调会材料，不能让广告收入、物业服务费用和维修资金在讨论中混成一笔账。\n\n第一条线只查公共收益。电梯广告使用共有部分产生的收益归属什么范围，业主有权了解哪些信息，广告合同、入账流水和分摊明细分别需要怎样核对，都从共有收益规则出发。现有附件可以说明公开和共同决定的一般要求，却没有广告合同和银行流水，所以18万元的实际收款、去向及抵扣关系要留给原始材料回答。\n\n第二条线处理物业所说的保洁和维保。这里需要的是物业服务合同约定、费用项目、实际支出和分摊依据，不能因为物业给出一个解释，就把公共收益与物业费自动冲抵。协调会上可以说明核对方法，也可以列出物业应带来的材料，但不能先替物业完成账务结论。\n\n第三条线才是三台电梯大修和住宅专项维修资金。工程范围与报价是否对应，普通使用还是应急使用，谁提出方案，哪些业主需要参与决定，分摊、审核和监督怎样进行，都应按维修资金办法与业主大会规则整理。工程报价原件、业主表决票和主管部门备案记录没有交来，程序走到哪里要靠这些材料确认。\n\n协调会问答稿按业主可能追问的三条资金线组织，现场能解释的是收益归属、信息公开和维修资金程序；具体金额去向、支出抵扣和工程必要性则转成明确的材料问题。证据与流程表同步记录争议事项、现有材料、补件主体、共同决定要求和处理状态。\n\n会议结束后，广告收益仍沿合同与流水核对，保洁维保回到物业服务和支出资料，大修事项继续走报价与表决程序。三条线各自保留经办人和材料位置，避免一个问题的文件被拿去支撑另一项资金结论。	L2 流程型	房地产与大宗资产	物业服务与业主治理	小区公共收益公开与维修资金动用复核	把电梯广告18万元、物业保洁维保说法和三台电梯大修分成独立资金线，为下周协调会准备可核材料与程序问题。	7年	14h	附件一_民法典物权编业主共有与维修资金条款.html；附件二_物业管理条例.pdf；附件三_住宅专项维修资金管理办法.html；附件四_业主大会和业主委员会指导规则.pdf	html, pdf	附件一：《民法典物权编业主共有与维修资金条款》。来源：https://www.spp.gov.cn/spp/ssmfdyflvdtpgz/202008/t20200831_478410.shtml。用于核对共有部分收益归属、业主共同决定事项、维修资金筹集和使用规则。\n\n附件二：《物业管理条例》。来源：https://xzfg.moj.gov.cn/law/download?LawID=960&type=pdf。用于确认物业服务企业职责、业主大会制度、物业服务监督和共有收益管理框架。\n\n附件三：《住宅专项维修资金管理办法》。来源：https://www.moj.gov.cn/pub/sfbgw/flfggz/flfggzbmgz/200804/t20080402_144499.html。用于整理维修资金交存、使用、分摊、应急使用、审核和监督口径。\n\n附件四：《业主大会和业主委员会指导规则》。来源：https://www.mohurd.gov.cn/file/2023/20230508/3c521deb-89bd-4559-8c7c-4d099fb7e731.pdf。用于核对会议组织、表决程序、业委会职责和信息公开。\n\n民法典条款回答共有收益归属和共同决定，物业管理条例对应服务监督，维修资金办法及业主大会规则负责大修的使用、表决与公开程序。合同、流水、表决票和报价仍由本小区原件核对。	docx, xlsx	Word《公共收益与维修资金协调会问答》按三条资金线回答可现场解释的规则和需要物业补充的事实。Excel《公共收益证据与维修资金流程表》分别跟踪合同流水、物业支出、工程报价、共同决定及处理状态。	1. 将电梯广告收入、物业保洁维保费用和住宅专项维修资金拆成三条记录。\n2. 从共有部分收益规则确认电梯广告收益的归属与业主共同决定事项。\n3. 列出18万元对应的广告合同、入账流水和分摊明细问题。\n4. 根据物业管理规则整理物业服务企业、业主大会和业委会的职责。\n5. 把保洁维保抵扣说法接回物业服务合同、支出记录和分摊依据。\n6. 登记三台电梯的工程范围、报价主体和需要核对的报价原件。\n7. 从维修资金办法区分普通使用、应急使用、分摊、审核和监督环节。\n8. 依据业主大会规则整理会议召集、表决、记录和信息公开事项。\n9. 向物业列出广告合同、银行流水及物业服务支出材料。\n10. 向大修事项列出工程报价、业主表决票和主管部门备案记录。\n11. 将现场能解释的规则、需要补件的事实和需要表决的事项分别标记。\n12. 按三条资金线编排协调会问答，避免用公共收益材料替代维修资金程序。\n13. 在证据与流程表中记录每项材料的提供主体和处理状态。\n14. 把协调会尚未解决的问题交回相应合同、流水、报价或表决程序继续办理。	裴硬
裴硬_7.9_04	招聘小程序准备在2026年7月灰度“AI初筛”，后台样式已经画出A档优先展示、B档抽看、C档沉底。样式稿能看出三档摆在哪里，却没有说明每一档怎样影响HR查看简历，也没有回答候选人在投递时会看到什么。上线评审需要把候选人端、HR后台和人工复核放在一条流程里讨论，不能只评价界面是否完整。\n\n从候选人填写简历开始，手机号、学历、行业、薪资期望等信息怎样进入解析和分档，AI输出在后台以什么方式出现，HR是否仍能查看各档简历，人工复核后怎样处理分档结果，都要形成明确规则。A档优先展示、B档抽看、C档沉底是已经存在的设计标签；它们究竟只是排序提示，还是会影响候选人获得后续处理的机会，需要由产品说明并由HR确认实际操作。HR查看、抽看或调整分档时，操作人、动作和结果也要落到相应的人工复核记录中。\n\n网络招聘规则用于核对招聘信息真实性、求职者信息保护和服务责任，个人信息保护法对应简历字段、告知同意、最小必要和自动化决策，算法推荐规则涉及透明度、选择权及不合理差别待遇，生成式人工智能规则补充训练数据和个人信息处理。四份规则分别落到投递页提示、隐私政策、结果通知和HR后台动作，不另写通用制度段落。\n\n算法参数、训练数据来源、候选人授权记录、岗位真实性证明和人工复核日志尚未提供。评审意见因此要明确哪些页面信息可以先调整，哪些自动判断必须保留人工处理，三档设计在什么条件下才适合进入灰度；规则核对表则逐节点记录数据、系统动作、候选人提示、HR操作和所需留痕。产品、HR和法务据此选择当前处理方式，并把待补材料交到对应流程位置。	L2 流程型	科技软件与 AI 工作流	招聘自动化与算法应用	AI简历筛选候选人告知与规则复核	从简历投递到HR查看逐段核对AI分档设计，明确候选人告知、后台操作和人工复核怎样影响2026年7月灰度。	6年	13h	附件一_网络招聘服务管理规定.html；附件二_个人信息保护法_招聘候选人信息处理.html；附件三_互联网信息服务算法推荐管理规定.html；附件四_生成式人工智能服务管理暂行办法.html	html	附件一：《网络招聘服务管理规定》。来源：https://www.moj.gov.cn/pub/sfbgw/flfggz/flfggzbmgz/202103/t20210309_374224.html。用于核对招聘服务主体责任、招聘信息真实性、求职者信息保护和网络招聘服务规则。\n\n附件二：《中华人民共和国个人信息保护法》。来源：https://www.cac.gov.cn/2021-08/20/c_1631050028355286.htm。用于确认简历字段处理、告知同意、最小必要、自动化决策和敏感信息保护。\n\n附件三：《互联网信息服务算法推荐管理规定》。来源：https://www.cac.gov.cn/2022-01/04/c_1642894606364259.htm。用于整理算法透明度、用户选择权、模型提示和不合理差别待遇风险。\n\n附件四：《生成式人工智能服务管理暂行办法》。来源：https://www.cac.gov.cn/2023-07/13/c_1690898327029107.htm。用于核对训练数据处理、个人信息保护、安全评估和内容治理口径。\n\n招聘服务规定、个人信息保护法、算法推荐规定和生成式人工智能规则分别对应招聘真实性、简历处理、自动化决策及训练数据。后台样式之外的参数、授权、岗位证明和复核日志仍须产品与HR提供。	docx, xlsx	Word《AI简历初筛上线复核意见》说明三档设计的当前处理方式、候选人告知、HR人工动作和灰度条件。Excel《招聘AI规则与告知核对表》沿投递、解析、分档、查看和通知记录字段、页面提示、人工复核及留痕材料。	1. 还原候选人填写简历、系统解析、AI分档、HR查看和结果通知的流程。\n2. 记录手机号、学历、行业、薪资期望等信息进入分档的节点与用途。\n3. 说明A档优先展示、B档抽看、C档沉底在后台对应的操作。\n4. 核对候选人在投递页、隐私政策和结果通知中能够看到的内容。\n5. 用招聘与个人信息规则检查信息真实性、最小必要、告知同意和自动化决策。\n6. 用算法推荐和生成式人工智能规则核对透明度、差别待遇及训练数据事项。\n7. 把算法参数、训练数据来源、授权记录、岗位证明和人工复核日志放回相应节点。\n8. 比较保留三档、调整后台动作或暂缓相关自动判断时的人工作业要求。\n9. 由产品、HR和法务根据复核意见确定进入灰度的设计及所需材料。	裴硬
裴硬_7.9_05	我负责的本地生活平台想把“城市周末民宿”专题排进下周首页，招商送来的30套房源资料却还没有形成完整明细。有的资料是证照照片，有的是房屋图、消防承诺书或价格表，现阶段无法把这些散件稳定对应到每套房源。运营可以先考虑专题页框架，但具体房源一旦展示价格、图片和住宿信息，用户就会把它理解为平台正在提供的真实服务，所以上架判断必须落回单套房源。\n\n先为后续收件确定一套共同目录。经营主体和证照由谁提交，旅馆业备案处于什么状态，住宿登记怎样接入，房屋图片与权属如何对应，消防承诺书之后还需要什么现场材料，价格和服务信息怎样展示，订单履约记录放在哪里，都要有独立字段。证照照片、房屋图、承诺书和价格表各有用途，不能拿一项材料去替代另一项核验结果。\n\n旅馆业治安管理规则涉及住宿经营场所安全、旅客信息登记和治安报告；消防法落到消防设施、疏散通道、安全出口及营业前的消防管理；网络交易和电子商务规则则要求经营者信息核验、服务信息真实展示、交易记录保存和平台治理。这些要求用于设计逐房源核对方式，也用来判断专题页哪些内容要等房源资料完成后再出现。\n\n当前没有成套材料证明30套房源的证照真实性、现场消防、公安报备、权属、住宿登记系统接入和订单履约情况。房源补件模板保持逐套填写，处理结果分为可暂存、补证后上架、现场核验和暂缓上线；每一种状态都要写清触发条件和负责补材料的人。专题规则则告诉运营、招商和风控，资料收到后怎样从散件归集走到平台展示。\n\n先搭专题页不等于先放具体房源。运营可依据规则安排页面工作，招商继续按模板收30套明细，风控逐套核对治安、消防、主体和交易信息。只有房源行达到相应处理条件，相关信息才进入后续上架环节。	L2 流程型	互联网与平台业务	本地生活平台房源治理	民宿房源上架治安消防与交易信息复核	先为30套散件民宿建立逐房源收件与分流办法，再划清专题页准备工作和具体房源上架之间的界限。	5年	12h	附件一_旅馆业治安管理办法.pdf；附件二_中华人民共和国消防法.html；附件三_网络交易监督管理办法.html；附件四_中华人民共和国电子商务法.html	pdf, html	附件一：《旅馆业治安管理办法》。来源：https://xzfg.moj.gov.cn/law/download?LawID=694&type=pdf。用于确认民宿类住宿经营与旅馆业治安管理之间的审查口径。正文要点包括：开办住宿经营场所时，房屋建筑、消防设备、出入口、通道和必要安全防范设施需要满足安全要求；接待旅客住宿应登记旅客信息并查验身份证件；发现违法犯罪活动、可疑人员或违禁物品时应向公安机关报告；经营者不得明知或放任违法犯罪活动。用于本题时，不能仅凭房东证照照片或招商承诺认定已完成旅馆业备案和住宿登记接入，Excel模板要设置治安备案状态、住宿登记接入口径、公安报备材料、待核验人。\n\n附件二：《中华人民共和国消防法》。来源：https://www.mem.gov.cn/fw/flfgbz/fg/fl_6143/。本地附件已摘录应急管理部法规栏目所列消防法口径，用于核对住宿经营场所消防安全责任和现场核验边界。正文要点包括：单位主要负责人对本单位消防安全负责；单位应配置、维护消防设施器材，保障疏散通道、安全出口和消防车通道畅通；禁止损坏、挪用、擅自拆除停用消防设施器材，禁止占用、堵塞、封闭疏散通道和安全出口；公众聚集场所在投入使用、营业前涉及消防安全检查或告知承诺管理。用于本题时，消防承诺书只能作为待核验资料，不能等同于现场消防设施已经合格。\n\n附件三：《网络交易监督管理办法》。来源：https://www.moj.gov.cn/pub/sfbgw/flfggz/flfggzbmgz/202104/t20210423_357848.html。用于确认平台内经营者信息核验、服务信息展示和交易记录保存要求。正文要点包括：网络交易经营者发布商品或服务信息应真实、准确、全面，不得作虚假或引人误解的商业宣传；平台经营者应对平台内经营者身份、地址、联系方式、行政许可等信息进行核验、登记并动态更新；平台应保存商品和服务信息、交易信息，并依法配合监督管理。用于本题时，专题页不能只展示价格和美化照片，应在模板中核对经营主体信息、许可证照、房源服务信息、退改规则、交易记录保存和异常处置口径。\n\n附件四：《中华人民共和国电子商务法》。来源：https://www.cac.gov.cn/2018-09/01/c_1123362506.htm。用于核对平台经营者身份核验、信息公示、消费者权益和交易安全义务。正文要点包括：电子商务经营者应依法办理市场主体登记并持续公示营业执照、行政许可等信息；平台经营者应要求入驻经营者提交身份、地址、联系方式、行政许可等真实信息，进行核验登记并定期核验更新；平台应记录、保存平台上的商品和服务信息、交易信息，保存时间自交易完成之日起不少于三年；平台知道或应知经营者销售的商品或服务不符合保障人身、财产安全要求，未采取必要措施的，依法承担责任。\n\n旅馆业规则提供治安与住宿登记核对项，消防法对应现场安全，网络交易办法和电子商务法负责经营者、页面信息与交易记录。30套房源的证照、消防、公安报备、权属及履约情况仍须逐套取证。	docx, xlsx	Excel《民宿房源补件与分流模板》按房源记录证照、住宿登记、消防、主体权属、平台信息、履约材料和处理状态。Word《民宿专题上架前复核规则》说明散件归集、逐套核对及可暂存、补证后上架、现场核验、暂缓上线的使用方式。	1. 将证照照片、房屋图、消防承诺书和价格表按能够识别的房源信息归集。\n2. 为无法对应到单套房源的散件设置待招商确认的记录。\n3. 从旅馆业治安规则提取经营安全、旅客登记和治安报告核对项。\n4. 从消防法提取设施、疏散通道、安全出口和现场管理事项。\n5. 依据网络交易和电子商务规则整理经营者核验、服务展示及交易记录字段。\n6. 把证照真实性、公安报备、权属、住宿登记接入、现场消防和履约记录分别设栏。\n7. 为可暂存、补证后上架、现场核验和暂缓上线写明材料条件。\n8. 在专题规则中划开页面准备和具体房源上架两类工作。\n9. 由招商按模板继续收30套房源明细，风控逐套登记处理状态。\n10. 把达到相应条件的房源信息交给运营进入后续上架环节。	裴硬
沈礼_7.10_01	会员运营想在今晚把2026年7月新品会员日放进小程序测试。现在的一张弹窗里同时塞了9.9元券包、积分抽奖、生日月加赠和“连喝7天抽免单”，用户既要看懂花9.9元买到了什么，也要知道怎样参加抽奖、奖品有多少、中奖概率怎么公示、券出了问题从哪里退。生日月加赠和连续7天抽免单也要各自说清附加条件，不能共用一段含糊规则。几套规则挤在同一个入口，文案能否保留要连同参加条件、权益兑现和售后路径一起看，单独改几个词解决不了使用时的疑问。\n\n后台还准备按手机号、生日月份、近30天下单次数和门店城市做分层推送。这里不只涉及活动规则，也涉及这些字段为什么被使用、会员是否知道、推送和活动参与是不是一回事。四个字段需要逐个说明处理目的，手机号与三类分层字段分别留痕，不能只写一个笼统的内部用途。促销规定可以核对有奖销售和信息公示，消费者权益规则用于看券包、格式条款和退券，互联网广告与网络交易规则对应弹窗、购买入口、经营信息和售后，个人信息保护法则落到四个会员字段及分层推送。真实活动预算、中奖名单、弹窗截图、券核销日志和用户授权记录目前都没给，法务只能先处理规则文字和材料缺口。\n\n今晚评审用的Word把券包、抽奖、生日权益、“连喝7天”的附加条件和分层推送接到用户操作中，每一处标明可保留、改文案、补公示后再看或暂缓测试。Excel按一条规则或一个数据字段占一行，放入原文、涉及权益或字段、依据、所缺材料、经办人和复核状态，不复制整篇意见。会员运营能从具体弹窗位置继续改，法务也能看出哪一项仍等预算、日志、截图或授权记录。	L2 流程型	品牌市场与电商零售	会员营销与促销合规	茶饮小程序积分抽奖与优惠券规则复核	复核新品会员日弹窗中的券包、抽奖、生日权益和分层推送，把今晚能够修改的规则与仍待补充的活动记录分开。	5年	12h	附件一_茶饮促销行为暂行规定.html；附件二_茶饮消费者权益保护法实施条例.html；附件三_茶饮互联网广告管理办法.html；附件四_茶饮网络交易监督管理办法.html；附件五_茶饮会员个人信息保护法.html	html	附件一：《规范促销行为暂行规定》。来源：https://www.moj.gov.cn/pub/sfbgw/flfggz/flfggzbmgz/202101/t20210104_146553.html。用途：用于核对有奖销售、积分抽奖、奖品数量、中奖概率、附加条件、公示义务和虚假促销边界。 正文口径：经营者通过有奖销售、价格、免费试用等方式开展促销，应当遵守公平、诚实信用和信息公示要求。\n\n附件二：《中华人民共和国消费者权益保护法实施条例》。来源：https://www.mee.gov.cn/zcwj/gwywj/202403/t20240320_1068830.shtml。用途：用于核对格式条款、会员权益、退券退费、知情权和经营者网络消费责任。 正文口径：条例自2024年7月1日起施行，细化经营者义务、网络消费、预付式消费和格式条款等要求。\n\n附件三：《互联网广告管理办法》。来源：https://www.moj.gov.cn/pub/sfbgw/flfggz/flfggzbmgz/202306/t20230620_481045.html。用途：用于判断小程序弹窗、首页banner、购买链接和活动话术是否属于互联网广告及是否需显著标识。 正文口径：互联网广告应当具有可识别性，使消费者能够辨明其为广告。\n\n附件四：《网络交易监督管理办法》。来源：https://www.moj.gov.cn/pub/sfbgw/flfggz/flfggzbmgz/202104/t20210423_357848.html。用途：用于整理小程序交易、经营者信息公示、交易规则、售后和消费者评价相关要求。 正文口径：办法适用于通过互联网等信息网络销售商品或者提供服务的经营活动及监督管理。\n\n附件五：《中华人民共和国个人信息保护法》。来源：https://www.cac.gov.cn/2021-08/20/c_1631050028355286.htm。用途：用于核对手机号、生日月份、消费频次、城市门店等会员字段的告知同意、最小必要和自动化推送边界。 正文口径：处理个人信息应当有明确、合理的目的，并限于实现处理目的的最小范围。\n\n促销规定用于奖品和公示，消费者权益及网络交易规则承接券包售后，互联网广告规则核对弹窗表达，个人信息保护法对应手机号、生日月份、下单次数和门店城市；预算、中奖名单、截图、核销日志及授权记录仍取自活动实际资料。	docx, xlsx	Word《新品会员日弹窗审改意见》沿会员操作顺序标注券包、抽奖、生日加赠、“连喝7天抽免单”和分层推送的当前处理。Excel《活动规则与会员字段台账》逐行记录原规则、权益或字段、依据、处理动作、缺失材料、经办人和复核状态。	1. 把弹窗内容拆成9.9元券包、积分抽奖、生日月加赠、连喝7天抽免单和分层推送。\n2. 从会员看到弹窗、购买券包、参加抽奖到退券或兑现权益，排出实际操作顺序。\n3. 核对奖品数量、中奖概率、附加条件和活动信息公示在现有规则中的位置。\n4. 检查券包售后、格式条款、会员权益变化及退券路径是否写得清楚。\n5. 判断弹窗和购买入口涉及的广告识别、经营信息展示及网络交易责任。\n6. 逐项记录手机号、生日月份、近30天下单次数和门店城市的使用目的与授权材料。\n7. 将活动预算、中奖名单、弹窗截图、券核销日志和用户授权记录挂到对应规则或字段行。\n8. 把今晚仍缺公示、售后路径或授权依据的项目留在台账中，供会员运营补齐后继续复核。	沈礼
沈礼_7.10_02	园长今天早会提出，9月新学期前先在两个班试用儿童智能手表。设想中的功能已经列出来了：进出园自动打卡、离园围栏提醒、SOS一键录音、家长端查看位置，迟到次数还要同步给班主任。把这些功能放在一起看时，园方需要先弄清每一步产生什么数据，家长、班主任、园方后台和供应商分别能看到什么；定位、录音、出入园记录和迟到统计不能笼统归为同一种手表数据。\n\n家委会会问的位置也很明确。孩子的位置和SOS录音由谁查看、保存多久，监护人怎样作出同意或撤回，不同意戴表时采用什么替代安排，都需要在试点前有可说明的做法。儿童个人信息规则覆盖不满十四周岁儿童、专门处理规则、监护人同意和内部权限，个人信息保护法用来判断定位与录音等敏感信息的目的和必要性；未成年人网络保护、网络数据安全和App收集行为认定资料，还会落到终端使用、委托处理、权限弹窗、默认勾选和撤回路径。\n\n供应商现在只给了功能白皮书和演示账号。监护人授权文本、数据字段表、录音留存配置、后台权限和设备安全测评均未提供，因此白皮书里的功能介绍先进入核对表，演示账号中能看到的页面只记录所见，功能是否适合两个班试用要等相应材料和配置逐项复核。\n\nExcel按功能整理数据项、处理目的、可见角色、授权方式、保存期限、当前材料和供应商补件，便于园方逐项谈配置。Word面向园长、家委会和供应商，把两个班的试点范围、监护人选择、不同意参与的安排以及需要供应商回应的问题写在一处。这次复核停在两个班的试用范围，不延伸成全园铺开安排。结论按功能落到可小范围试用、补授权后再看、需要调整配置或暂缓，不把一只手表打成一个总状态。	L2 流程型	科技软件与 AI 工作流	智能硬件与数据合规	儿童智能终端定位与监护人授权复核	为两个班的儿童智能手表试用逐功能核对定位、录音、打卡、迟到统计和家长端查看，形成园方与家委会可讨论的授权及配置问题。	6年	13h	附件一_儿童手表儿童个人信息网络保护规定.html；附件二_儿童手表未成年人网络保护条例.html；附件三_儿童手表个人信息保护法.html；附件四_儿童手表网络数据安全管理条例.html；附件五_儿童手表App违法违规收集个人信息认定方法.html	html	附件一：《儿童个人信息网络保护规定》。来源：https://www.cac.gov.cn/2019-08/23/c_1124913903.htm。用途：用于核对不满十四周岁儿童个人信息处理、专门规则、监护人同意、内部权限和安全保障要求。 正文口径：规定所称儿童是指不满十四周岁的未成年人，在境内通过网络收集、存储、使用、转移、披露儿童个人信息适用本规定。\n\n附件二：《未成年人网络保护条例》。来源：https://www.cac.gov.cn/2023-10/24/c_1699806932316206.htm。用途：用于确认未成年人网络保护、智能终端产品、个人信息权益和监护人履职相关要求。 正文口径：条例自2024年1月1日起施行，坚持最有利于未成年人的原则，要求营造有利于未成年人身心健康的网络环境。\n\n附件三：《中华人民共和国个人信息保护法》。来源：https://www.cac.gov.cn/2021-08/20/c_1631050028355286.htm。用途：用于判断定位、录音、出入园记录和家长联系方式的合法性基础、敏感个人信息、单独同意和撤回权利。 正文口径：处理敏感个人信息应当有特定目的和充分必要性，并采取严格保护措施。\n\n附件四：《网络数据安全管理条例》。来源：https://www.cac.gov.cn/2024-09/30/c_1729384452307680.htm。用途：用于整理网络数据处理安全、个人信息保护、委托处理、日志留存和风险评估留痕。 正文口径：条例自2025年1月1日起施行，规范网络数据处理活动，保障网络数据安全，保护个人、组织合法权益。\n\n附件五：《App违法违规收集使用个人信息行为认定方法》。来源：https://www.cac.gov.cn/2019-12/27/c_1578986455686625.htm。用途：用于检查演示App权限申请、默认勾选、超范围收集、撤回同意和投诉举报路径。 正文口径：方法列举未公开规则、未明示目的方式范围、未经同意收集、超范围收集和未提供删除更正功能等认定情形。\n\n儿童与未成年人规则说明监护人同意和终端保护，个人信息保护法对应定位、录音及出入园记录，网络数据安全和App认定方法补足委托、权限、撤回与留痕；供应商字段表、后台权限、保存配置和设备测评仍须单独提供。	docx, xlsx	Excel《儿童手表功能、数据与授权核对表》按打卡、围栏、SOS录音、位置查看、迟到统计和班主任查看记录数据、角色、授权、保存及补件。Word《两个班智能手表试用复核意见》供园长、家委会和供应商讨论试用范围、监护人选择、替代安排和配置问题。	1. 拆开进出园打卡、离园围栏、SOS录音、家长端位置、迟到统计和班主任查看六项功能。\n2. 为每项功能列出定位、录音、出入园记录、迟到次数及可能涉及的家长联系方式。\n3. 标明家长、班主任、园方后台和供应商在各功能中的可见范围与操作。\n4. 依据儿童个人信息规则整理专门规则、监护人同意、内部权限和安全保障要求。\n5. 核对敏感个人信息的处理目的、必要性、单独同意、撤回以及不同意参与时的安排。\n6. 用未成年人网络保护和网络数据安全资料检查终端保护、委托处理、日志与风险留痕。\n7. 在演示账号中记录权限提示、默认状态、撤回入口和投诉路径实际呈现的页面。\n8. 登记监护人授权文本、数据字段表、录音留存配置、后台权限和设备安全测评的供应商回复。\n9. 按功能形成试用意见和家委会说明，把需要改配置或等待材料的项目留给供应商继续处理。	沈礼
沈礼_7.10_03	票务产品经理准备在周一前把2026年8月体育场演唱会的新版购票规则交给主办方确认。草案已经写了每个身份证限购一张、实名入场、开票后48小时内免费退、临演前按梯次收手续费，电子票不支持转赠。客服担心用户集中追问转赠限制和退票费，说明公示文字不能只列结论，还要把适用时间、办理入口和用户会受到的影响讲明白。\n\n风控同时提出，异常账号、同一手机号在多台设备登录以及频繁退票的用户先行拦截。这个想法会用到身份证号、手机号、设备信息和异常账号标签，也会影响用户购票、退票或申诉，因而要和实名规则、隐私告知及申诉路径一起审。现有草案没有给出异常账号的完整规则，不能只在流程图上放一个“风控拦截”节点。\n\n大型营业性演出规范管理通知可以核对实名购票、实名入场、退票机制、公开销售和票务信息管理；营业性演出条例与实施细则用于看举办、审批和经营主体；大型群众性活动安全规则对应体育场活动许可和承办者责任。平台规则、个人信息和消费者权益资料则分别落到规则公示与修改、风控数据、退票费用、格式条款和投诉处理。\n\n目前随草案到手的只有几张流程图。演出批准文件、公安安全许可、主办方票务协议、退票成本测算、异常账号规则和隐私告知都没有给。周一前可以完成的是逐条复核草案及整理确认问题：实名和退票文字能否按现有依据继续修改，转赠限制由什么业务与协议材料承接，风控拦截需要补哪些规则和用户说明，哪些事项要交回主办方、文旅或公安确认。\n\nWord复核意见沿购票、入场、退票、转赠受限、风控拦截和用户申诉写，让产品、客服、风控与主办方看到同一条用户路径。Excel按规则条款保存用户影响、现有材料、规则依据、确认主体、客服口径和当前状态；后续批准、许可、协议、成本及隐私材料到件时，直接回到对应条款更新。	L2 流程型	互联网与平台业务	票务平台规则与消费者保护	大型营业性演出票务实名退票与规则公示复核	复核体育场演唱会的实名限购、退票梯次、转赠限制和异常账号拦截，供票务产品在周一前整理主办方及主管部门确认事项。	6年	14h	附件一_票务大型营业性演出规范管理通知.html；附件二_票务营业性演出管理条例.pdf；附件三_票务营业性演出管理条例实施细则.pdf；附件四_票务大型群众性活动安全管理条例.html；附件五_票务网络交易平台规则监督管理办法.html；附件六_票务个人信息保护法.html；附件七_票务消费者权益保护法实施条例.html	html, pdf	附件一：《文化和旅游部公安部关于进一步加强大型营业性演出活动规范管理促进演出市场健康有序发展的通知》。来源：https://zwgk.mct.gov.cn/zfxxgkml/scgl/202309/t20230912_947197.html。用途：用于核对大型演出风险评估、实名购票实名入场、梯次退票、公开销售比例和票务信息管理要求。 正文口径：通知要求大型演出活动实行实名购票和实名入场制度，并建立大型演出活动退票机制。\n\n附件二：《营业性演出管理条例》。来源：https://xzfg.moj.gov.cn/law/download?LawID=1032&type=pdf。用途：用于确认营业性演出的审批、举办、经营主体、监督管理和法律责任边界。 正文口径：条例规定营业性演出是以营利为目的为公众举办的现场文艺表演活动，并由文化主管部门监督管理。\n\n附件三：《营业性演出管理条例实施细则》。来源：https://zwgk.mct.gov.cn/zfxxgkml/zcfg/bmgz/202012/P020220218664646505947.pdf。用途：用于补充演出经营主体、演出组织、营销、演出经纪和活动管理的操作口径。 正文口径：实施细则根据营业性演出管理条例制定，细化营业性演出的经营主体和活动管理要求。\n\n附件四：《大型群众性活动安全管理条例》。来源：https://www.moj.gov.cn/pub/sfbgw/zcjd/200709/t20070922_389861.html。用途：用于整理体育场演唱会的安全许可、承办者安全责任、现场管理和公安机关确认边界。 正文口径：条例适用于预计参加人数达到一定规模的演唱会、音乐会等大型群众性活动，强调承办者负责和政府监管。\n\n附件五：《网络交易平台规则监督管理办法》。来源：https://www.cac.gov.cn/2026-01/07/c_1769515215345420.htm。用途：用于核对票务平台规则制定、修改、公示、申诉渠道、消费者权益和平台规则限制。 正文口径：办法自2026年2月1日起施行，规范网络交易平台规则的制定、修改和执行活动。\n\n附件六：《中华人民共和国个人信息保护法》。来源：https://www.cac.gov.cn/2021-08/20/c_1631050028355286.htm。用途：用于判断实名购票身份证号、手机号、设备信息、异常账号标签和风控拦截的处理边界。 正文口径：处理个人信息应当遵循合法、正当、必要和诚信原则，不得通过误导、欺诈、胁迫等方式处理个人信息。\n\n附件七：《中华人民共和国消费者权益保护法实施条例》。来源：https://www.mee.gov.cn/zcwj/gwywj/202403/t20240320_1068830.shtml。用途：用于核对退票费用、格式条款、用户知情权、投诉处理和网络消费中的经营者责任。 正文口径：条例自2024年7月1日起施行，进一步细化经营者义务、网络消费和格式条款相关要求。\n\n演出管理和大型活动资料承接实名、退票及许可问题，平台规则与消费者权益资料用于公示、费用和申诉，个人信息保护法对应身份证号、手机号、设备信息和异常标签；批准文件、票务协议、成本测算及风控细则仍来自本场演出材料。	docx, xlsx	Word《体育场演唱会购票规则复核意见》沿用户购票至申诉的过程说明条款修改和确认事项。Excel《票务规则与证据缺口表》逐条记录规则、用户影响、依据、当前材料、确认主体、客服口径和更新状态。	1. 将草案拆成身份证限购、实名入场、48小时免费退、梯次退票费、禁止转赠和风控拦截。\n2. 沿用户购票、持票入场、发起退票、遇到转赠限制或拦截、提出申诉排出规则触点。\n3. 核对大型演出文件中的实名购票实名入场、退票机制、公开销售和票务信息管理要求。\n4. 用营业性演出条例及实施细则整理举办、审批、经营主体和主办方需要确认的事项。\n5. 把体育场活动的公安安全许可和承办者责任放到相应规则及材料行。\n6. 检查平台规则的公示、修改、执行和申诉安排能否覆盖本次新版草案。\n7. 分析身份证号、手机号、多设备信息、频繁退票记录和异常标签的处理目的与用户告知。\n8. 结合消费者权益规则核对退票费用、格式条款、转赠限制和客服解释。\n9. 登记演出批准、安全许可、票务协议、成本测算、异常账号规则及隐私告知的到件状态。\n10. 把后续收到的主办方或主管部门材料写回具体条款，更新公示文字和客服口径。	沈礼
沈礼_7.10_04	投委会下周要决定，寒武纪在2025年首次实现年度盈利后，是从事件跟踪转入重点研究池，还是继续观察。2025年营业收入64.97亿元、归母净利润20.59亿元，经营活动现金流净额却为-4.98亿元；年末应收账款6.71亿元、存货49.44亿元，前五名客户销售额占88.66%。利润已经转正，分歧集中在现金含量、回款、备货和客户集中上。\n\n2026年一季度经营活动现金流净额转为8.34亿元，期末应收账款12.19亿元、预付款项18.97亿元，存货较2025年末下降。公开披露可以看到现金流转正与几个营运资金余额同时发生了变化，但一季报未经审计，也没有客户结构和逐户回款资料；现有材料适合标出变化方向和待跟踪线索，不足以完整解释一季度现金改善来自哪些经营动作。2025年年报中的现金流量表补充资料可以用于搭建年度利润到经营现金流的桥，一季度则按披露到的流量与时点余额单独观察。\n\n研究数据截止到2026年4月30日。2024年报提供前期基线，2025年业绩快报用来和正式年报勾稽，2025年年报承担年度盈利质量、应收、存货、减值及集中度分析，2026年一季报负责期后变化，XBRL数据作为结构化交叉核对。年度流量、季度流量和期末余额分栏处理，报告直接披露的比例与根据公开金额计算的指标也各自保留来源和公式。\n\nExcel先完成来源索引、原始数据、快报年报勾稽、现金含量、年度现金流桥、应收与存货周转、客户和供应商集中度以及季度跟踪。Word研究备忘录只回答一件事：现有公开信息支持“转入重点研究池、保留观察、暂缓”中的哪一档。备忘录同时写出支持信息、反向信号和未来两个报告期会改变建议的观察指标，不加入目标价。	L2 流程型	投资战略、专业服务与企业经营	上市公司经营分析与投前研究	AI芯片公司盈利质量与营运资金复核	依据截至2026年4月30日的公开披露，复核寒武纪首次年度盈利的现金含量、营运资金和集中度，并形成研究池的一档建议。	5年	14h	附件一_寒武纪_2025年年度报告_20260313.pdf；附件二_寒武纪_2024年年度报告_20250419.pdf；附件三_寒武纪_2025年度业绩快报_20260228.pdf；附件四_寒武纪_2026年第一季度报告_20260430.pdf；附件五_上交所_XBRL经营业绩概览_寒武纪_2022至2025.json	pdf, json	附件一：《中科寒武纪科技股份有限公司2025年年度报告》（文件：附件一_寒武纪_2025年年度报告_20260313.pdf），属于官方中文资料，用于核对：作为主证据，提取经审计财务数据、客户与供应商集中度、应收账款和存货变动、减值及现金流量表调节项。 来源：https://big5.sse.com.cn/site/cht/www.sse.com.cn/disclosure/listedinfo/announcement/c/new/2026-03-13/688256_20260313_GWH3.pdf。中文摘要：第9、26、30—31、94、97—106、142—146、152—155、178、182、186—187页分别覆盖三年主要财务数据、现金流变动、前五名客户和供应商、审计程序、报表、应收账款、存货、收入、减值和现金流调节。2025年营收6,497,196,198.68元、归母净利润2,059,228,538.67元、经营现金流-498,398,137.01元；前五名客户销售额占88.66%，前五名中四名为本期新增客户；应收账款账面价值670,643,223.27元，同比增长120.17%，存货账面价值4,943,532,510.26元，同比增长178.67%。 使用时注意：报告不披露客户名称、逐笔合同、订单取消权、逐户回款计划或在手订单质量；经审计历史数据不能证明未来现金流或个别客户信用。\n\n附件二：《中科寒武纪科技股份有限公司2024年年度报告》（文件：附件二_寒武纪_2024年年度报告_20250419.pdf），属于官方中文资料，用于核对：建立2024年原始披露基线，核对年报中的营收、亏损、经营现金流、产品结构和直销占比，避免只依赖2025年报告的比较列。 来源：https://big5.sse.com.cn/site/cht/www.sse.com.cn/disclosure/listedinfo/announcement/c/new/2025-04-19/688256_20250419_11FJ.pdf。中文摘要：第10、29—31页覆盖2024年主要会计数据和主营业务结构。2024年营收1,174,464,377.35元、归母净利润-452,338,791.01元、经营现金流-1,617,960,236.90元；云端产品线和直销为主要收入来源。 使用时注意：该报告反映截至2024年末的历史情况，不能替代2025年年报或2026年一季报，也不能证明2025年新增客户的持续采购。\n\n附件三：《中科寒武纪科技股份有限公司2025年度业绩快报公告》（文件：附件三_寒武纪_2025年度业绩快报_20260228.pdf），属于官方中文资料，用于核对：将初步核算的营收、利润和资产数据与3月披露的经审计年报逐项勾稽，记录差异而非默认一致。 来源：https://big5.sse.com.cn/site/cht/www.sse.com.cn/disclosure/listedinfo/announcement/c/new/2026-02-28/688256_20260228_836P.pdf。中文摘要：快报披露2025年营业总收入6,497,196,198.68元、归母净利润2,059,228,538.67元，并明确数据为初步核算、未经审计，最终以年报为准。 使用时注意：快报不含完整现金流量表、应收账款、存货明细和客户集中度，且未经审计，只能用于披露时序和数值勾稽。\n\n附件四：《中科寒武纪科技股份有限公司2026年第一季度报告》（文件：附件四_寒武纪_2026年第一季度报告_20260430.pdf），属于官方中文资料，用于核对：作为年报后的最新定期财务披露，检查经营现金流转正是否伴随应收账款、预付款和存货的改善或转移。 来源：https://big5.sse.com.cn/site/cht/www.sse.com.cn/disclosure/listedinfo/announcement/c/new/2026-04-30/688256_20260430_I4ZK.pdf。中文摘要：一季度营收2,884,696,746.86元、归母净利润1,013,213,581.94元、经营现金流833,967,832.10元；期末应收账款1,219,156,884.63元、预付款项1,896,519,449.47元、存货4,496,708,960.39元。 使用时注意：季度报告未经审计，单季数据有季节性且未披露客户结构；不能直接年化，也不能据一季现金流判定全年现金转换已经稳定。\n\n附件五：《上海证券交易所上市公司经营业绩概览（寒武纪XBRL数据）》（文件：附件五_上交所_XBRL经营业绩概览_寒武纪_2022至2025.json），属于官方中文资料，用于核对：提供可计算的多期结构化字段，作为PDF人工摘录的交叉核验和Excel导入源。 来源：https://query.sse.com.cn/commonSoaQuery.do?isPagination=false&sqlId=COMMON_SSE_PL_XBRL_YJGL_XQ&reportYear=2025,2024,2023,2022&stockId=688256。中文摘要：2025年度记录中，S2020_0010为营业收入649,719.62万元，S2090_0040为净利润205,922.85万元，S2090_0050为扣非净利润176,993.42万元，S2090_0060为经营现金流-49,839.81万元；同一响应还含总资产、总负债和资产负债率。 使用时注意：接口只提供概览指标，不含应收账款、存货、客户名单和财务附注；上交所页面提示结构化数据仅供参考，冲突时以对应PDF为准。\n\n2025年年报是年度盈利质量和现金流调节的主证据，2024年报提供基线，业绩快报用于披露勾稽，一季报只承接期后变化，XBRL数据用于交叉核数；客户名称、逐户回款、订单取消权和在手订单质量不在这些公开材料中。	docx, xlsx	Excel《寒武纪盈利质量与季度跟踪底表》保存来源页码、原始数据、口径勾稽、现金含量、年度现金流桥、营运资金、集中度和未来观察值。Word《寒武纪研究池决策备忘录》归纳支持信息、反向信号、公开信息空白及三档中的一档建议。	1. 建立2024年报、2025年业绩快报与年报、2026年一季报和XBRL数据的来源页码索引。\n2. 标清每份披露的日期、证券代码、单位、数据期间及审计属性。\n3. 统一元与万元口径，将年度流量、季度流量和期末余额放入不同数据区。\n4. 逐项勾稽2025年业绩快报与正式年报，记录数值及审计状态差异。\n5. 提取营收、归母和扣非净利润、经营现金流、应收、预付款、存货、合同负债和减值。\n6. 用2025年现金流量表补充资料搭建年度利润到经营现金流的调节桥。\n7. 测算经营现金流相对归母与扣非净利润的现金含量，并保留公式和数据来源。\n8. 计算应收与存货相对收入的变化及周转指标，注明平均余额和期末余额口径。\n9. 整理客户和供应商集中度，区分报告直接披露比例与根据公开金额测算的结果。\n10. 将2026年一季度现金流、应收、预付款和存货作为并列变化观察，不把余额变化写成完整现金归因。\n11. 为未来两个报告期设置会影响研究池建议的现金转换、应收、库存和集中度观察项。\n12. 综合支持信息、反向信号和信息空白，在转入重点研究池、保留观察或暂缓中形成一档建议。\n13. 两份产物完成后做一次独立交付自检：随机抽一项利润数据和一项营运资金判断，从Word回到Excel公式、正式披露及页码；回不到来源的结论删去或降为待观察。	沈礼
沈礼_7.10_05	截至2026年7月10日，研发负责人想在次日锁定一班苏州到华沙的中欧班列舱位。货物是24台运动相机B3工程样机，每台内装1块98Wh锂离子电池，另有8块同型号备用电池，4箱混装草图尚未把内装电池与单独备用电池的包装路径分开。订舱草单却已经写成“普通电子产品”，业务给出的理由只有单块电池不超过100Wh。\n\n目前的UN38.3报告和试验简介对应已量产的B2电池，B3仍处在试验中。型号没有对应上以后，98Wh只是一项参数，无法独自回答B3是否完成测试、怎样申报以及4箱货物分别采用什么包装和标记。国内铁路资料还要求核对产品测试、运输条件鉴定、包装检验、安全承诺和应急措施；中欧班列同时涉及国际联运规则。国际货协2025年修改事项给出了未投产原型电池及P910、LP905包装的规则线索，但附件是修改文本，具体班列、过境国、换装站、境外铁路和承运人的接受条件还要取得当前书面回复。\n\n附件六把24台样机、8块备用电池、B2与B3文件错配、4箱草图和缺件状态整理成机器可读记录。它适合做包件台账，却不能替代B3测试报告、运输条件鉴定、包装检验或承运人书面接受。研发负责人明早要给订舱代理一个可执行答复：这版“普通电子产品”草单能否提交；不能时卡在型号证据、包件路径还是路线接受，分别由谁补到什么程度后再继续。\n\nExcel按24台内装电池样机、8块备用电池和4箱货物逐项列型号、数量、Wh、申报信息、防护、包装标记、现有文件与责任人。Word缺件与路径说明把每项落到草单可交代理、补件后再交、转原型或危货路径、暂停确认四种状态，次日是否锁舱随B3文件、包件方案和路线参与方书面回复更新。	L2 流程型	工业制造与供应链	物流与危险货物运输	锂电池原型样机铁路订舱与出运资料复核	梳理B3工程样机和备用锂电池的型号、包件及路线接受缺口，判断现有草单能否交代理并安排后续补件。	7年	16h	附件一_消费型锂电池货物铁路运输指导意见.html；附件二_铁路危险货物运输安全监督管理规定.html；附件三_铁路货物运输规则_2026.pdf；附件四_国际货协危险货物规则2025修改通知.html；附件五_国际货协危险货物规则2025修改事项.pdf；附件六_B3原型样机订舱事实与缺件清单_截至2026-07-10.json	html, pdf, json	附件一：《国铁运输监〔2023〕26号，2023年10月11日》（文件：附件一_消费型锂电池货物铁路运输指导意见.html），属于官方中文资料，用于核对：作为国内铁路段的结构化资料清单和初筛框架，核对适用范围、UN38.3、运输条件鉴定、包装检验、申报记载、包件标记及不予运输情形。 来源：https://www.nra.gov.cn/jglz/ysjg/fgys/202311/t20231102_343599.shtml。中文摘要：铁路运输时，可由承托双方按照本指导意见及铁路货物运输有关规定办理；通过中欧班列等国际铁路联运时，还应当符合国际联运有关规定。；托运前，托运人应当向铁路运输企业提交产品安全性测试报告、铁路运输条件鉴定报告、铁路运输包装检验报告、安全承诺和应急处置措施，并对所提供材料的真实性和锂电池货物安全性负责。；除装在设备（包括电路板）上的纽扣电池外，2003年6月30日以后制造的电池或电池组，其制造商和出厂后的销售商应提供《关于危险货物运输的建议书 试验和标准手册》（第7修订版）第3部分第38.3节第38.3.5段规定的试验简介。；对于锂离子电池组，瓦特-小时的额定值小于或等于100Wh。锂离子电池组应在外壳上标明瓦特-小时的额定值。 使用时注意：该指导意见明确针对消费型锂电池国内铁路运输，并明确中欧班列还须符合国际联运规定。98Wh只是一项阈值线索，不能单独证明B3原型样机可作为普通货物订舱；也不能用B2报告证明B3已完成测试。\n\n附件二：《交通运输部令2022年第24号，自2022年12月1日起施行；国家铁路局页面标示时效性为“有效”》（文件：附件二_铁路危险货物运输安全监督管理规定.html），属于官方中文资料，用于核对：核对危险性质不明、新品名或新包装、办理站条件、包装要求、托运人如实申报、承运安全检查和证明材料留存等底线。 来源：https://www.nra.gov.cn/xxgk/gkml/ztjg/gfzd/bmgz/202210/t20221021_338669.shtml。中文摘要：（二）危险性质不明、可能存在安全隐患的物品；；（二）包装能够抗御运输、储存和装卸过程中正常的冲击、振动、堆码和挤压，并便于装卸和搬运；；托运人应当按照铁路危险货物品名表确定危险货物的类别、项别、品名、铁危编号、包装等，遵守相关特殊规定要求。；不得承运未接受安全检查的货物，不得承运不符合安全规定、可能危害铁路运输安全的货物。 使用时注意：该规定给出国内铁路危货管理底线，但不直接替B3电池作分类，不提供中欧班列沿线国家的接受结论，也不等同于具体承运人的订舱细则。\n\n附件三：《交通运输部令2026年第2号，2026年2月3日公布，自2026年5月1日起施行》（文件：附件三_铁路货物运输规则_2026.pdf），属于官方中文资料，用于核对：采用2026年现行铁路货运基础规则，核对危险货物技术要求、运单信息、托运文件真实性、凭证提交、实名安全查验和承运拒收边界。 来源：https://xxgk.mot.gov.cn/gz/202602/W020260226551364108827.pdf。中文摘要：铁路运输危险货物，应当遵守法律、行政法规、规章和国家铁路局有关规定，并符合有关技术要求。；托运人应当如实填写托运相关信息，对其在货物运单及所附物品清单等填记事项的真实性和完整性负责。；托运人未按照规定提供有效文件的，铁路运输企业不得受理。；铁路运输企业不得运输托运人拒绝安全检查的货物和不符合安全规定、可能危害铁路运输安全的货物。 使用时注意：这是截至题目日期已施行的境内铁路货运基础规则，不含B3型号技术判断和国际联运各段的专项接受条件；不能据此跳过危险货物或原型品专项规则。\n\n附件四：《2025年5月16日发布，所附修改和补充事项自2025年7月1日起生效》（文件：附件四_国际货协危险货物规则2025修改通知.html），属于官方中文资料，用于核对：确认附件五修改文本的官方发布主体与生效时间，建立题目采用国际联运更新口径的版本证据。 来源：https://www.nra.gov.cn/jglz/ysjg/fgys/202505/t20250516_348874.shtml。中文摘要：接铁路合作组织2025年1月27日第II-2-25/JA号通知，铁组委员会委员（2024年）第6次定期会议（2024年11月18日）决议通过了国际货协附件2《危险货物运送规则》及《为履行国际货协附件2的要求而另行适用的技术标准文件清单》的修改和补充事项，自2025年7月1日起生效，现予公布。 使用时注意：该通知只证明所附修改文本的发布和生效，不是国际货协附件2的完整合并文本，也不证明具体班列、过境国、换装站或承运人已经接受本票原型样机。\n\n附件五：《铁组委员会第II-2-25/JA号信函附件1，自2025年7月1日起生效》（文件：附件五_国际货协危险货物规则2025修改事项.pdf），属于官方中文资料，用于核对：核对国际铁路联运对不超过100个电池或电池组的生产运行产品、为试验运输的未投产原型品及相应包装规范的更新文字。 来源：https://www.nra.gov.cn/xwzx/jlhz/gjty/202505/P020250516455543627607.pdf。中文摘要：不超过100个电池或电池组的生产运行所产生的电池或电池组，或为试验而运输的电池或电池组的尚未投产的原型物品，应符合2.2.9.1.7.1的规定，但a）、e）（七）、f）（三）（如适用）、f）（四）（如适用）和g）除外。；“为试验而运输”包括但不限于《试验和标准手册》第三部分38.3中小节“集成试验和产品性能试验”中所述的试验。；这些电池和电池组应根据情况，按4.1.4.1中的包装规范P910或4.1.4.3中的包装规范LP905进行包装。 使用时注意：附件五是修改和补充事项而非完整合并规则。SP 310提示原型电池存在专项路径，不等于B3样机自动获准承运；装在设备中的电池与单独备用电池应分开判断，并取得当前完整规则、路线参与方和承运人的书面确认。\n\n附件六：《截至2026-07-10的题设货物、路线、包件和资料状态底表》（文件：附件六_B3原型样机订舱事实与缺件清单_截至2026-07-10.json），属于官方中文资料，用于核对：直接提供本票货物的型号、数量、额定能量、装在设备中或单独运输的形态、拟申报品名、4箱草图状态、B2与B3证据不匹配以及各项缺件，供docx和xlsx逐项引用。 来源：https://www.nra.gov.cn/jglz/ysjg/fgys/202311/t20231102_343599.shtml。中文摘要：截至2026-07-10，题设证据不足以支持将整票按普通电子产品提交订舱；应先完成B3型号证据、两类货物包装路径和路线参与方书面确认。 使用时注意：该JSON是题设信息的可追溯整理，不是外部真实企业档案，也不是UN38.3报告、试验简介、运输条件鉴定、包装检验、安全承诺、应急措施或承运批准。\n\n国内铁路资料给出测试、鉴定、包装、申报和拒收要求，2026年货运规则补足托运文件责任，国际货协修改通知与文本提供原型品及P910、LP905线索，附件六只固定本票题设事实；完整国际规则和路线参与方回复仍须跟随本票取得。	docx, xlsx	Excel《B3样机订舱与包件台账》分开记录24台内装电池样机、8块备用电池和4箱货物的型号、文件、包装、标记、缺件及承运回复。Word《B3样机订舱缺件与路径说明》交代普通电子产品草单、国内外规则路径、当前阻断项和四种处理状态。	1. 从附件六固定24台B3工程样机、24块内装电池、8块备用电池、98Wh和4箱草图等题设事实。\n2. 将装在设备中的B3电池与单独运输的B3备用电池拆成两类货物。\n3. 建立B2与B3型号文件对应表，核对现有UN38.3报告和试验简介的覆盖型号。\n4. 检查普通电子产品草单与两类货物的实际形态、型号状态和拟申报信息是否相符。\n5. 依据国内铁路指导意见登记产品测试、运输条件鉴定、包装检验、安全承诺和应急措施。\n6. 用铁路危险货物规定核对危险性质、新品名或新包装、如实申报、包装和安全检查事项。\n7. 按2026年铁路货运规则检查运单、物品清单、有效文件和铁路企业受理条件。\n8. 确认国际货协修改文本的生效时间，并把原型品、P910和LP905作为规则核查线索。\n9. 逐箱登记内装设备、备用电池、额定能量、总重、短路防护、误启动防护、内外包装和标记。\n10. 为班列平台、境内外承运人和相关主管机关整理申报、原型规则、包装及沿线接受问题。\n11. 记录运输条件鉴定、包装检验、安全承诺、应急措施和各方书面回复的材料负责人。\n12. 将每项货物或包件落到现方案提交、补件再提交、原型或危货路径、暂停确认四种状态。\n13. 根据B3型号文件、包件路径和路线参与方书面回复，更新草单可交代理或继续暂停的状态。	沈礼
沈礼_7.10_06	分析测试中心新购的岛津LC-20A高效液相色谱系统已经运到实验楼。供货商希望本周开箱、下周安装，并口头表示验收签字后可以办理尾款；资产管理员手里却只有箱数照片和安装日期。中心主任现在要分清本周究竟能签到货记录、开箱点验记录，还是已经能进入技术验收。几个阶段如果共用一个“验收签字”，箱数、设备配置、安装条件、性能测试和付款条件就会混在一起。\n\n开箱核对要接回本项目合同正文与技术附件、供应商响应文件、装箱单、序列号清单和质量证明书，这些基线文件尚未归档。资产管理员本周可以在点验记录中如实写包装、外观、序列号、随机资料和所见差异；配置是否符合合同留在基线文件到位后的复核项。\n\n安装又是另一组条件。厂商同型号资料列有温度4至35摄氏度、220V正负10%且电源含地线等准备要求，还涉及空间、气体、排气、废液和耗材。本中心据此完成场地确认，再由本次供货商核对当前配置对应的安装条件；公开参数作为预检项目，现场结果写进本中心记录。\n\n技术验收需要本项目合同参数和原始测试数据。公开采购公示可帮助列出泵、自动进样器、柱温箱、检测器和工作站的核对项，其中流速0.001至10.0ml/min、压力1至40MPa、流速精确度不高于0.06%RSD标作其他项目的公开参考。本项目安装调试记录、性能测试原始数据和培训签到表列入验收收件，实测值和结果栏由实际测试填写。\n\nWord预审意见按到货、开箱、安装、性能测试、正式验收和尾款办理逐段写出当前能签的范围与阻断项。Excel台账把本项目合同基线、公开参考值、检查或测试方法、原始记录位置、实测值、证据等级和付款影响分开，空白外校表单只借字段，外校流程只借资料目录。尾款是否触发最终回到本项目合同和签章验收记录，供货商的口头说法登记为待核事项。	L2 流程型	投资战略、专业服务与企业经营	科研采购与实验室运营	高效液相色谱仪到货验收与付款前技术核对	把LC-20A到货、开箱、安装、性能测试、正式验收和尾款条件拆开，判断中心当前能够签署到哪一阶段。	6年	14h	附件一_华东理工大学LC20A采购技术参数公示.html；附件二_岛津LC20A安装准备条件.pdf；附件三_中国地质大学大型仪器设备验收工作流程.pdf；附件四_中国传媒大学项目到货验收申请表.xlsx；附件五_华南理工大学仪器设备开箱与点验货记录.docx；附件六_华南理工大学进口仪器设备购置合同模板.docx	html, pdf, xlsx, docx	附件一：《附件一_华东理工大学LC20A采购技术参数公示.html》（文件：附件一_华东理工大学LC20A采购技术参数公示.html），属于官方中文资料，用于核对：提取 LC-20A 公开采购中的系统组成、泵、自动进样器、柱温箱、检测器和工作站参数，作为建立技术核对矩阵的参考样例。 来源：https://hgxy.ecust.edu.cn/_t58/2020/1030/c1176a117977/page.htm。中文摘要：流速范围：0.001-10.0ml/min；压力范围：1-40 MPa；流速精确度：≤0.06% RSD。 使用时注意：这是华东理工大学另一采购项目的公示，不是本项目的合同、招标文件或供应商承诺；参数只能标为公开参考值，最终验收基线必须回到本项目已签合同及其技术附件。\n\n附件二：《附件二_岛津LC20A安装准备条件.pdf》（文件：附件二_岛津LC20A安装准备条件.pdf），属于官方中文资料，用于核对：核对 LC-20A 安装前的温湿度、空间、电源、接地、气体、排气、废液瓶和维护耗材准备条件。 来源：https://www.shimadzu.com.cn/sites/shimadzu.com.cn/files/upload/ser-install/lc-20a.pdf。中文摘要：温度4～35℃；220V±10%（电源应含有地线）。 使用时注意：该资料是厂商同型号安装准备文件且形成时间较早，只能辅助现场预检；应另向本次供货商取得当前配置对应的安装确认书，不能凭该 PDF 证明实验室现场已经达标。\n\n附件三：《附件三_中国地质大学大型仪器设备验收工作流程.pdf》（文件：附件三_中国地质大学大型仪器设备验收工作流程.pdf），属于官方中文资料，用于核对：建立大型仪器技术验收资料清单，覆盖论证、申报、招投标、合同、开箱、安装调试、自检、验收、开放管理和使用维护记录。 来源：https://sbc.cug.edu.cn/__local/F/4D/0A/E09F56108B7ECD7C7835DAA4E9B_8360CC77_4657F.pdf。中文摘要：开箱检验记录：供货商与使用单位按合同清点。 使用时注意：流程和运行期限属于该校制度，不能直接套用为本项目的强制时限；本题仅借其材料清单识别证据缺口，实际程序须核对采购单位自己的有效制度。\n\n附件四：《附件四_中国传媒大学项目到货验收申请表.xlsx》（文件：附件四_中国传媒大学项目到货验收申请表.xlsx），属于官方中文资料，用于核对：提供结构化到货申请字段，用于��查项目名称、负责人、单位、地点、合同日期、工期、中标公司、价格、采购方式、项目简介和到货情况是否完整。 来源：https://lemd.cuc.edu.cn/_upload/article/files/09/34/5407433b4a00a0bad66f2c9ed069/cb7a3340-81af-48c3-8bff-0b52261fc3b4.xlsx。中文摘要：到货情况（需简述到货情况）。 使用时注意：这是未填写的外校空白表，只能用于设计本题 xlsx 的字段，不是本项目到货事实、审批意见或验收申请。\n\n附件五：《附件五_华南理工大学仪器设备开箱与点验货记录.docx》（文件：附件五_华南理工大学仪器设备开箱与点验货记录.docx），属于官方中文资料，用于核对：核对开箱参与人、合同和装箱单依据、包装和外观、规格型号、质量证明、随机资料、件数差异、异常情况及签字留痕。 来源：https://www2.scut.edu.cn/_upload/article/files/4e/21/929439f741d88a95910737b4b308/7b4b61bc-dfd3-401f-a458-51660503fdc6.docx。中文摘要：开箱点验货以合同和装箱单为依据。 使用时注意：这是空白点验模板，不能替代本项目经购置人、设备员、供货商及相关人员签字确认的真实记录，也不能证明实物型号、数量或外观已经核对。\n\n附件六：《附件六_华南理工大学进口仪器设备购置合同模板.docx》（文件：附件六_华南理工大学进口仪器设备购置合同模板.docx），属于官方中文资料，用于核对：提供设备清单、付款、质量保证、检验验收、风险转移、售后和违约条款的核对框架，提示验收与付款触发条件必须回到签署合同。 来源：https://www2.scut.edu.cn/_upload/article/files/4e/21/929439f741d88a95910737b4b308/40deec8b-933f-456c-9e04-61c2f1f7f0ec.docx。中文摘要：验收标准按照本合同及采购文件中列明的技术参数、规格、性能指标等执行。 使用时注意：这是外校空白合同模板，不是本项目签署合同；不得据此推定付款比例、验收主体、风险转移、质保期限或违约责任。本项目合同缺失时只能判为付款条件待核。\n\n同型号采购公示和厂商资料提供配置、参数及安装预检参考，外校流程、到货表、点验记录和合同模板只帮助设计资料字段；本项目合同、装箱单、场地确认、安装调试、原始测试和签章记录决定实际验收及付款状态。	docx, xlsx	Word《LC-20A付款前验收预审意见》逐阶段说明当前可签范围、阻断材料、下一动作和付款影响。Excel《LC-20A参数与证据台账》分列合同基线、公开参考、检查或测试方法、原始记录、实测值、证据等级、缺项、负责人和阶段状态。	1. 按到货、开箱点验、场地预检、安装调试、性能测试、正式验收和尾款办理划分阶段。\n2. 登记箱数照片和安装日期已经提供的信息，并列出它们无法覆盖的设备与合同项目。\n3. 收集本项目合同、技术附件、供应商响应、装箱单、序列号和质量证明作为开箱基线。\n4. 参照点验字段记录包装、外观、品牌型号、配件、随机资料、件数差异和现场签字。\n5. 用厂商安装资料列出温湿度、空间、电源、接地、气体、排气、废液和耗材预检项。\n6. 向本次供货商核对当前配置对应的安装条件，并把现场结果写入场地确认位置。\n7. 从公开采购公示整理泵、进样器、柱温箱、检测器和工作站参数，统一标为公开参考。\n8. 依据本项目合同建立性能测试表，设置方法、次数、原始文件、合同限值、实测值和签字人。\n9. 将未取得原始数据的性能项目保持未测试，不用公开参数填入合同值或实测值。\n10. 回到本项目合同查找验收主体、付款触发、质保、风险转移和签署文件。\n11. 由中心主任依据各阶段证据选择可开箱点验、可安排安装、待技术验收或暂缓验收及付款。	沈礼
